genus,endemism_status,Least Concern,Critically Endangered,Endangered,Near Threatened,Vulnerable,Data Deficient,Lower Risk
Abelmoschus,non-endemic,2,0,0,0,0,0,0
Abrodictyum,non-endemic,0,0,0,0,0,0,0
Abrotanella,non-endemic,0,0,0,0,0,0,0
Abrus,non-endemic,0,0,0,0,0,0,0
Abutilon,non-endemic,0,0,0,0,0,0,0
Acacia,non-endemic,195,2,12,8,10,0,0
Acaena,non-endemic,0,0,0,0,0,0,0
Acalypha,non-endemic,0,0,0,0,0,0,0
Acanthus,non-endemic,0,0,0,0,0,0,0
Achyranthes,non-endemic,0,0,0,0,0,0,0
Acmella,non-endemic,0,0,0,0,0,0,0
Acrachne,non-endemic,0,0,0,0,0,0,0
Acronychia,non-endemic,8,0,0,0,0,0,0
Acrostichum,non-endemic,0,0,0,0,0,0,0
Actephila,non-endemic,1,0,0,0,0,0,0
Actinoscirpus,non-endemic,1,0,0,0,0,0,0
Actinostachys,non-endemic,0,0,0,0,0,0,0
Adenanthera,non-endemic,2,0,0,0,0,0,0
Adenia,non-endemic,0,0,0,0,0,0,0
Adenosma,non-endemic,0,0,0,0,0,0,0
Adenostemma,non-endemic,0,0,0,0,0,0,0
Adiantum,non-endemic,1,0,0,0,0,0,0
Aegialitis,non-endemic,0,0,0,0,0,0,0
Aegiceras,non-endemic,0,0,0,0,0,0,0
Aerva,non-endemic,0,0,0,0,0,0,0
Aeschynomene,non-endemic,1,0,0,0,0,0,0
Afrohybanthus,non-endemic,0,0,0,0,0,0,0
Agathis,non-endemic,1,0,0,2,0,0,0
Aglaia,non-endemic,3,0,0,0,2,0,1
Agrostis,non-endemic,1,0,0,0,0,0,0
Aidia,non-endemic,0,0,0,0,0,0,0
Ailanthus,non-endemic,0,0,0,0,0,0,0
Alangium,non-endemic,1,0,0,0,0,0,0
Albizia,non-endemic,2,0,0,1,0,0,0
Alchemilla,non-endemic,0,0,0,0,0,0,0
Alchornea,non-endemic,2,0,0,0,0,0,0
Alectryon,non-endemic,9,0,1,1,0,1,0
Aleurites,non-endemic,2,0,0,0,0,0,0
Alisma,non-endemic,1,0,0,0,0,0,0
Allophylus,non-endemic,0,0,0,0,0,0,0
Alloteropsis,non-endemic,0,0,0,0,0,0,0
Alloxylon,non-endemic,1,0,0,0,1,0,0
Alocasia,non-endemic,0,0,0,0,0,0,0
Alphitonia,non-endemic,2,0,0,0,0,0,0
Alpinia,non-endemic,0,0,0,0,0,0,0
Alstonia,non-endemic,3,0,0,0,0,0,0
Alternanthera,non-endemic,1,0,0,0,0,0,0
Althenia,non-endemic,0,0,0,0,0,0,0
Alysicarpus,non-endemic,0,0,0,0,0,0,0
Alyxia,non-endemic,1,0,0,0,0,0,0
Amaracarpus,non-endemic,0,0,0,0,0,0,0
Amaranthus,non-endemic,0,0,0,0,0,0,0
Ammannia,non-endemic,1,0,0,0,0,0,0
Amomum,non-endemic,0,0,0,0,0,0,0
Amorphophallus,non-endemic,0,0,0,0,0,0,0
Ampelocissus,non-endemic,0,0,0,0,0,0,0
Ampelopteris,non-endemic,0,0,0,0,0,0,0
Amphibromus,non-endemic,0,0,0,0,0,0,0
Amphineuron,non-endemic,0,0,0,0,0,0,0
Amyema,non-endemic,0,0,0,0,0,0,0
Amylotheca,non-endemic,0,0,0,0,0,0,0
Anacolosa,non-endemic,1,0,0,0,0,0,0
Aneilema,non-endemic,0,0,0,0,0,0,0
Angiopteris,non-endemic,0,0,0,0,0,0,0
Aniseia,non-endemic,0,0,0,0,0,0,0
Anisomeles,non-endemic,0,0,0,0,0,0,0
Anogramma,non-endemic,0,0,0,0,0,0,0
Anthocarapa,non-endemic,0,0,0,0,0,0,0
Anthosachne,non-endemic,0,0,0,0,0,0,0
Antiaris,non-endemic,0,0,0,0,0,0,0
Antidesma,non-endemic,2,0,0,0,0,0,0
Antirhea,non-endemic,3,0,0,0,0,0,0
Antrophyum,non-endemic,0,0,0,0,0,0,0
Aphananthe,non-endemic,1,0,0,0,0,0,0
Aphyllodium,non-endemic,0,0,0,0,0,0,0
Apium,non-endemic,1,0,0,0,0,0,0
Apluda,non-endemic,0,0,0,0,0,0,0
Apostasia,non-endemic,0,0,0,0,0,0,0
Arachniodes,non-endemic,0,0,0,0,0,0,0
Araucaria,non-endemic,2,0,0,0,0,0,0
Archidendron,non-endemic,4,0,0,1,0,0,0
Ardisia,non-endemic,2,0,0,0,0,0,0
Arenga,non-endemic,0,0,0,0,0,0,0
Argusia,non-endemic,0,0,0,0,0,0,0
Argyrodendron,non-endemic,0,0,0,0,0,0,0
Argyrotegium,non-endemic,0,0,0,0,0,0,0
Aristida,non-endemic,1,0,0,0,0,0,0
Aristolochia,non-endemic,0,0,0,0,0,0,0
Arivela,non-endemic,0,0,0,0,0,0,0
Artanema,non-endemic,0,0,0,0,0,0,0
Arthraxon,non-endemic,0,0,0,0,0,0,0
Arthrochilus,non-endemic,0,0,0,0,0,0,0
Arthropteris,non-endemic,0,0,0,0,0,0,0
Artocarpus,non-endemic,0,0,0,0,0,0,0
Arundinella,non-endemic,0,0,0,0,0,0,0
Arytera,non-endemic,3,0,0,0,0,0,0
Asparagus,non-endemic,1,0,0,0,0,0,0
Asplenium,non-endemic,0,0,0,0,0,0,0
Astelia,non-endemic,0,0,0,0,0,0,0
Asteromyrtus,non-endemic,1,0,0,0,0,1,0
Asystasia,non-endemic,0,0,0,0,0,0,0
Atalaya,non-endemic,4,0,0,0,0,0,0
Athroisma,non-endemic,0,0,0,0,0,0,0
Atractocarpus,non-endemic,5,0,0,0,0,0,0
Atriplex,non-endemic,0,0,0,0,0,0,0
Australina,non-endemic,0,0,0,0,0,0,0
Austrosteenisia,non-endemic,0,0,0,0,0,0,0
Austrostipa,non-endemic,0,0,0,0,0,0,0
Avicennia,non-endemic,0,0,0,0,0,0,0
Azolla,non-endemic,1,0,0,0,0,0,0
Azorella,non-endemic,0,0,0,0,0,0,0
Bacopa,non-endemic,1,0,0,0,0,0,0
Baeckea,non-endemic,0,0,0,0,0,0,0
Balanophora,non-endemic,0,0,0,0,0,0,0
Baloghia,non-endemic,0,0,0,0,0,0,0
Banksia,non-endemic,50,10,27,24,59,2,0
Barringtonia,non-endemic,2,0,0,0,0,0,0
Basilicum,non-endemic,0,0,0,0,0,0,0
Batis,non-endemic,0,0,0,0,0,0,0
Bauhinia,non-endemic,1,0,0,0,0,0,0
Beilschmiedia,non-endemic,0,0,0,0,0,0,0
Belvisia,non-endemic,0,0,0,0,0,0,0
Benstonea,non-endemic,2,0,0,0,0,0,0
Bergia,non-endemic,0,0,0,0,0,0,0
Berrya,non-endemic,0,0,0,0,0,0,0
Berula,non-endemic,0,0,0,0,0,0,0
Bischofia,non-endemic,1,0,0,0,0,0,0
Blainvillea,non-endemic,0,0,0,0,0,0,0
Blechnum,non-endemic,0,0,0,0,0,0,0
Blumea,non-endemic,0,0,0,0,0,0,0
Blyxa,non-endemic,2,0,0,0,0,0,0
Boehmeria,non-endemic,0,0,0,0,0,0,0
Boerhavia,non-endemic,0,0,0,0,0,0,0
Bolbitis,non-endemic,0,0,0,0,0,0,0
Bolboschoenus,non-endemic,0,0,0,0,0,0,0
Bombax,non-endemic,0,0,0,0,0,0,0
Bonnaya,non-endemic,0,0,0,0,0,0,0
Bothriochloa,non-endemic,0,0,0,0,0,0,0
Botrychium,non-endemic,0,0,0,0,0,0,0
Brachychiton,non-endemic,10,0,0,1,0,0,0
Brachyscome,non-endemic,0,0,0,0,0,0,0
Brachystelma,non-endemic,0,0,0,0,0,0,0
Brasenia,non-endemic,0,0,0,0,0,0,0
Breynia,non-endemic,2,0,0,0,0,0,0
Bridelia,non-endemic,3,0,0,0,0,0,0
Bromheadia,non-endemic,1,0,0,0,0,0,0
Bromus,non-endemic,0,0,0,0,0,0,0
Brownlowia,non-endemic,0,0,0,0,0,0,0
Brucea,non-endemic,0,0,0,0,0,0,0
Bruguiera,non-endemic,0,0,0,0,0,0,0
Brunoniella,non-endemic,0,0,0,0,0,0,0
Bryobium,non-endemic,1,0,0,0,0,0,0
Buchanania,non-endemic,0,0,0,0,0,0,0
Buchnera,non-endemic,0,0,0,0,0,0,0
Bulbophyllum,non-endemic,2,0,0,0,0,0,0
Bulbostylis,non-endemic,1,0,0,0,0,0,0
Burmannia,non-endemic,0,0,0,0,0,0,0
Butomopsis,non-endemic,1,0,0,0,0,0,0
Byblis,non-endemic,5,1,0,0,2,0,0
Cadaba,non-endemic,0,0,0,0,0,0,0
Caesalpinia,non-endemic,0,0,0,0,0,0,0
Caesia,non-endemic,0,0,0,0,0,0,0
Cajanus,non-endemic,1,0,0,0,0,0,0
Caladenia,non-endemic,10,3,6,0,1,0,0
Calamus,non-endemic,1,0,0,0,0,0,0
Calanthe,non-endemic,0,0,0,0,0,0,0
Calciphilopteris,non-endemic,0,0,0,0,0,0,0
Caldesia,non-endemic,2,0,0,0,0,0,0
Caleana,non-endemic,0,0,0,0,0,0,0
Callerya,non-endemic,0,0,0,0,0,0,0
Callicarpa,non-endemic,2,0,0,0,0,0,0
Callistemon,non-endemic,0,0,0,0,0,0,0
Callitriche,non-endemic,1,0,0,0,0,0,0
Callitris,non-endemic,10,0,0,4,2,0,0
Calochilus,non-endemic,0,1,0,0,0,0,0
Calochlaena,non-endemic,1,0,0,0,0,0,0
Calophyllum,non-endemic,1,0,0,1,0,1,0
Calymmodon,non-endemic,0,0,0,0,0,0,0
Calystegia,non-endemic,0,0,0,0,0,0,0
Camptacra,non-endemic,0,0,0,0,0,0,0
Camptostemon,non-endemic,0,0,0,0,0,0,0
Cananga,non-endemic,0,0,0,0,0,0,0
Canarium,non-endemic,2,0,0,0,0,0,0
Canavalia,non-endemic,3,0,0,0,0,0,0
Canscora,non-endemic,0,0,0,0,0,0,0
Cansjera,non-endemic,0,0,0,0,0,0,0
Capillipedium,non-endemic,0,0,0,0,0,0,0
Capparis,non-endemic,3,0,0,0,0,0,0
Carallia,non-endemic,0,0,0,0,0,0,0
Cardamine,non-endemic,0,0,0,0,0,0,0
Cardiopteris,non-endemic,0,0,0,0,0,0,0
Carex,non-endemic,8,0,0,0,0,0,0
Carissa,non-endemic,1,0,0,0,0,0,0
Carpha,non-endemic,0,0,0,0,0,0,0
Carpobrotus,non-endemic,0,0,0,0,0,0,0
Cartonema,non-endemic,0,0,0,0,0,0,0
Casearia,non-endemic,1,0,0,0,0,0,0
Cassytha,non-endemic,0,0,0,0,0,0,0
Castanospermum,non-endemic,0,0,0,0,0,0,0
Casuarina,non-endemic,5,0,0,0,0,0,0
Cathormion,non-endemic,0,0,0,0,0,0,0
Causonis,non-endemic,0,0,0,0,0,0,0
Cayratia,non-endemic,0,0,0,0,0,0,0
Cecarria,non-endemic,0,0,0,0,0,0,0
Celastrus,non-endemic,0,0,0,0,0,0,0
Celtis,non-endemic,3,0,0,0,0,0,0
Cenchrus,non-endemic,2,0,0,0,0,0,0
Centella,non-endemic,0,0,0,0,0,0,0
Centipeda,non-endemic,0,0,0,0,0,0,0
Centotheca,non-endemic,0,0,0,0,0,0,0
Centranthera,non-endemic,0,0,0,0,0,0,0
Centrolepis,non-endemic,1,0,0,0,0,0,0
Cephalomanes,non-endemic,0,0,0,0,0,0,0
Ceratopetalum,non-endemic,3,0,0,0,0,0,0
Ceratophyllum,non-endemic,1,0,0,0,0,0,0
Ceratopteris,non-endemic,1,0,0,0,0,0,0
Cerbera,non-endemic,0,0,0,0,0,0,0
Ceriops,non-endemic,0,0,0,0,0,0,0
Ceropegia,non-endemic,0,0,0,0,0,0,0
Chamaecrista,non-endemic,0,0,0,0,0,0,0
Cheilanthes,non-endemic,0,0,0,0,0,0,0
Cheirostylis,non-endemic,0,0,0,0,1,0,0
Chiloglottis,non-endemic,0,0,0,0,0,0,0
Chionachne,non-endemic,0,0,0,0,0,0,0
Chionanthus,non-endemic,0,0,0,0,0,0,0
Chisocheton,non-endemic,0,0,0,0,0,0,0
Chloris,non-endemic,0,0,0,0,0,0,0
Chlorophytum,non-endemic,0,0,0,0,0,0,0
Choriceras,non-endemic,0,0,0,0,0,0,0
Chorizandra,non-endemic,0,0,0,0,0,0,0
Christella,non-endemic,0,0,0,0,0,0,0
Christia,non-endemic,0,0,0,0,0,0,0
Chrysopogon,non-endemic,0,0,0,0,0,0,0
Cinnamomum,non-endemic,0,0,0,0,0,0,0
Cissampelos,non-endemic,0,0,0,0,0,0,0
Cissus,non-endemic,0,0,0,0,0,0,0
Cladium,non-endemic,0,0,0,0,0,0,0
Cladopus,non-endemic,0,0,0,0,0,0,0
Claoxylon,non-endemic,2,0,0,0,0,0,0
Clausena,non-endemic,0,0,0,0,0,0,0
Cleidion,non-endemic,0,0,0,0,0,0,0
Cleistanthus,non-endemic,5,0,0,0,0,0,0
Cleistochloa,non-endemic,0,0,0,0,0,0,0
Clematis,non-endemic,0,0,0,0,0,0,0
Clerodendrum,non-endemic,0,0,0,0,0,0,0
Cnesmocarpon,non-endemic,0,0,0,0,0,0,0
Coccinia,non-endemic,0,0,0,0,0,0,0
Cochlospermum,non-endemic,0,0,0,0,0,0,0
Cocos,non-endemic,0,0,0,0,0,0,0
Codiaeum,non-endemic,0,0,0,0,0,0,0
Coelachne,non-endemic,0,0,0,0,0,0,0
Coelospermum,non-endemic,0,0,0,0,0,0,0
Coffea,non-endemic,1,0,0,0,0,0,0
Coldenia,non-endemic,0,0,0,0,0,0,0
Colobanthus,non-endemic,0,0,0,0,0,0,0
Colocasia,non-endemic,0,0,0,0,0,0,0
Colubrina,non-endemic,0,0,0,0,0,0,0
Combretum,non-endemic,0,0,0,0,0,0,0
Commelina,non-endemic,1,0,0,0,0,0,0
Commersonia,non-endemic,0,0,0,0,0,0,0
Commicarpus,non-endemic,0,0,0,0,0,0,0
Connarus,non-endemic,0,0,0,0,0,0,0
Coprosma,non-endemic,0,0,0,0,0,0,0
Corchorus,non-endemic,0,0,0,0,0,0,0
Cordia,non-endemic,1,0,0,0,0,0,0
Cordyline,non-endemic,4,0,0,0,0,0,0
Corunastylis,non-endemic,0,0,0,0,0,0,0
Corybas,non-endemic,0,0,0,0,0,0,0
Corymbia,non-endemic,17,0,0,9,0,0,0
Corymborkis,non-endemic,0,0,0,0,0,0,0
Corynocarpus,non-endemic,1,0,0,0,0,0,0
Corypha,non-endemic,1,0,0,0,0,0,0
Cotula,non-endemic,0,0,0,0,0,0,0
Crassula,non-endemic,0,0,0,0,0,0,0
Crateva,non-endemic,0,0,0,0,0,0,0
Crepidomanes,non-endemic,0,0,0,0,0,0,0
Crinum,non-endemic,0,0,0,0,0,0,0
Crotalaria,non-endemic,3,0,0,0,0,0,0
Croton,non-endemic,5,0,0,0,0,0,0
Crudia,non-endemic,1,0,0,0,0,0,0
Cryptocarya,non-endemic,3,0,0,0,0,1,0
Cryptostylis,non-endemic,0,0,0,0,0,0,0
Ctenopterella,non-endemic,0,0,0,0,0,0,0
Cucumis,non-endemic,0,0,0,0,0,0,0
Cullen,non-endemic,1,0,0,1,0,0,0
Cupaniopsis,non-endemic,5,0,0,0,0,1,0
Curcuma,non-endemic,1,0,0,0,0,0,0
Cuscuta,non-endemic,0,0,0,0,0,0,0
Cyanotis,non-endemic,1,0,0,0,0,0,0
Cyanthillium,non-endemic,0,0,0,0,0,0,0
Cyathea,non-endemic,0,0,0,0,0,0,0
Cycas,non-endemic,12,0,3,7,9,0,0
Cyclocarpa,non-endemic,0,0,0,0,0,0,0
Cyclophyllum,non-endemic,6,0,0,0,0,0,0
Cyclosorus,non-endemic,1,0,0,0,0,0,0
Cycnogeton,non-endemic,0,0,0,0,0,0,0
Cymaria,non-endemic,0,0,0,0,0,0,0
Cymbopogon,non-endemic,1,0,0,0,0,0,0
Cymodocea,non-endemic,0,0,0,0,0,0,0
Cynanchum,non-endemic,0,0,0,0,0,0,0
Cynoglossum,non-endemic,0,0,0,0,0,0,0
Cynometra,non-endemic,1,0,0,0,0,0,0
Cyperochloa,non-endemic,0,0,0,0,0,0,0
Cyperus,non-endemic,15,0,0,0,1,0,0
Cyrtococcum,non-endemic,0,0,0,0,0,0,0
Cystopteris,non-endemic,0,0,0,0,0,0,0
Dalbergia,non-endemic,3,0,0,0,0,0,0
Danhatchia,non-endemic,0,0,0,0,0,0,0
Dapsilanthus,non-endemic,0,0,0,0,0,0,0
Daucus,non-endemic,0,0,0,0,0,0,0
Davallia,non-endemic,0,0,0,0,0,0,0
Decaisnina,non-endemic,0,0,0,0,0,0,0
Decalobanthus,non-endemic,0,0,0,0,0,0,0
Decaneuropsis,non-endemic,0,0,0,0,0,0,0
Decaspermum,non-endemic,0,0,0,0,0,0,0
Deeringia,non-endemic,0,0,0,0,0,0,0
Dendrobium,non-endemic,9,0,0,2,0,0,0
Dendrocnide,non-endemic,3,0,0,0,0,0,0
Dendrolobium,non-endemic,0,0,0,0,0,0,0
Dendromyza,non-endemic,0,0,0,0,0,0,0
Dendrophthoe,non-endemic,0,0,0,0,0,0,0
Dendrotrophe,non-endemic,0,0,0,0,0,0,0
Dentella,non-endemic,1,0,0,0,0,0,0
Deparia,non-endemic,0,0,0,0,0,0,0
Deplanchea,non-endemic,1,0,0,0,0,0,0
Derris,non-endemic,0,0,0,0,0,1,0
Deschampsia,non-endemic,0,0,0,0,0,0,0
Desmodium,non-endemic,0,0,0,0,0,0,0
Deyeuxia,non-endemic,0,0,0,0,0,0,0
Dianella,non-endemic,0,0,0,0,0,0,0
Dichanthium,non-endemic,0,0,0,0,0,0,0
Dichapetalum,non-endemic,0,0,0,0,0,0,0
Dichelachne,non-endemic,0,0,0,0,0,0,0
Dichondra,non-endemic,0,0,0,0,0,0,0
Dichrostachys,non-endemic,2,0,0,0,0,0,0
Dicliptera,non-endemic,0,0,0,0,0,0,0
Dicranopteris,non-endemic,0,0,0,0,0,0,0
Dictymia,non-endemic,0,0,0,0,0,0,0
Dictyoneura,non-endemic,0,0,0,0,0,0,0
Didymoglossum,non-endemic,0,0,0,0,0,0,0
Didymoplexis,non-endemic,0,0,0,0,0,0,0
Digitaria,non-endemic,1,0,0,0,0,0,0
Dillenia,non-endemic,0,0,0,0,0,0,0
Dimeria,non-endemic,0,0,0,0,0,0,0
Dimorphocalyx,non-endemic,0,0,0,0,0,0,0
Dinebra,non-endemic,0,0,0,0,0,0,0
Dioclea,non-endemic,0,0,0,0,0,0,0
Dioscorea,non-endemic,1,0,0,1,0,0,0
Diospyros,non-endemic,2,0,0,0,0,0,0
Diplachne,non-endemic,0,0,0,0,0,0,0
Diplacrum,non-endemic,0,0,0,0,0,0,0
Diplazium,non-endemic,0,0,0,0,0,0,0
Diplocyclos,non-endemic,0,0,0,0,0,0,0
Diploglottis,non-endemic,1,0,0,0,0,0,0
Diplopterygium,non-endemic,0,0,0,0,0,0,0
Dipodium,non-endemic,0,0,1,0,0,0,0
Dipteris,non-endemic,0,0,0,0,0,0,0
Dischidia,non-endemic,0,0,0,0,0,0,0
Distimake,non-endemic,0,0,0,0,0,0,0
Dodonaea,non-endemic,3,0,0,0,0,0,0
Dolichandrone,non-endemic,0,0,0,0,0,0,0
Donatia,non-endemic,0,0,0,0,0,0,0
Donella,non-endemic,1,0,0,0,0,0,0
Dopatrium,non-endemic,1,0,0,0,0,0,0
Doryopteris,non-endemic,0,0,0,0,0,0,0
Dracaena,non-endemic,0,0,0,0,0,0,0
Drosera,non-endemic,131,3,2,1,13,0,0
Drynaria,non-endemic,0,0,0,0,0,0,0
Dryopteris,non-endemic,0,0,0,0,0,0,0
Drypetes,non-endemic,0,0,0,0,0,0,0
Duboisia,non-endemic,0,0,0,0,0,0,0
Dunbaria,non-endemic,0,0,0,0,0,0,0
Dysoxylum,non-endemic,4,0,0,0,0,0,0
Dysphania,non-endemic,0,0,0,0,0,0,0
Echinochloa,non-endemic,2,0,0,0,0,0,0
Echinopogon,non-endemic,0,0,0,0,0,0,0
Eclipta,non-endemic,0,0,0,0,0,0,0
Ectrosia,non-endemic,0,0,0,0,0,0,0
Ehretia,non-endemic,0,0,0,0,0,0,0
Einadia,non-endemic,0,0,0,0,0,0,0
Elaeagnus,non-endemic,1,0,0,0,0,0,0
Elaeocarpus,non-endemic,8,0,0,1,0,2,0
Elaeodendron,non-endemic,0,0,0,0,0,0,0
Elaphoglossum,non-endemic,0,0,0,0,0,0,0
Elatine,non-endemic,0,0,0,0,0,0,0
Elatostema,non-endemic,0,0,0,0,0,0,0
Eleocharis,non-endemic,2,0,0,0,0,0,0
Elephantopus,non-endemic,0,0,0,0,0,0,0
Elionurus,non-endemic,0,0,0,0,0,0,0
Elytrophorus,non-endemic,1,0,0,0,0,0,0
Embelia,non-endemic,0,0,0,0,0,0,0
Emmenosperma,non-endemic,1,0,0,0,0,0,0
Empodisma,non-endemic,0,0,0,0,0,0,0
Enchylaena,non-endemic,0,0,0,0,0,0,0
Endiandra,non-endemic,1,0,1,1,0,1,0
Endospermum,non-endemic,1,0,0,0,1,0,0
Enhalus,non-endemic,0,0,0,0,0,0,0
Enicostema,non-endemic,0,0,0,0,0,0,0
Enneapogon,non-endemic,0,0,0,0,0,0,0
Entada,non-endemic,0,0,0,0,0,0,0
Enteropogon,non-endemic,0,0,0,0,0,0,0
Entolasia,non-endemic,0,0,0,0,0,0,0
Epilobium,non-endemic,0,0,0,0,0,0,0
Epipogium,non-endemic,0,0,0,0,0,0,0
Epipremnum,non-endemic,0,0,0,0,0,0,0
Eragrostiella,non-endemic,0,0,0,0,0,0,0
Eragrostis,non-endemic,2,0,0,0,0,0,0
Eremochloa,non-endemic,0,0,0,0,0,0,0
Eriachne,non-endemic,0,0,0,0,0,0,0
Eriocaulon,non-endemic,3,0,1,0,0,0,0
Eriochloa,non-endemic,0,0,0,0,0,0,0
Eriosema,non-endemic,0,0,0,0,0,0,0
Erycibe,non-endemic,0,0,0,0,0,0,0
Eryngium,non-endemic,0,0,0,0,0,0,0
Erythrina,non-endemic,3,0,0,0,0,0,0
Eucalyptus,non-endemic,198,16,58,109,118,36,0
Euchiton,non-endemic,0,0,0,0,0,0,0
Eugenia,non-endemic,1,0,0,0,0,0,0
Eulalia,non-endemic,0,0,0,0,0,0,0
Eulophia,non-endemic,0,0,0,0,0,0,0
Euonymus,non-endemic,1,0,0,0,0,0,0
Euphorbia,non-endemic,0,0,0,0,0,0,0
Eupomatia,non-endemic,0,0,0,0,0,0,0
Euroschinus,non-endemic,1,0,0,0,0,0,0
Eustrephus,non-endemic,0,0,0,0,0,0,0
Evolvulus,non-endemic,0,0,0,0,0,0,0
Exacum,non-endemic,0,0,0,0,0,0,0
Excoecaria,non-endemic,1,0,0,0,0,0,0
Exocarpos,non-endemic,3,0,0,0,0,0,0
Fagraea,non-endemic,0,0,0,0,0,0,0
Faradaya,non-endemic,0,0,0,0,0,0,0
Fatoua,non-endemic,0,0,0,0,0,0,0
Festuca,non-endemic,0,0,0,0,0,0,0
Ficinia,non-endemic,0,0,0,0,0,0,0
Ficus,non-endemic,8,0,0,0,0,0,0
Fimbristylis,non-endemic,4,0,0,0,0,0,0
Finlaysonia,non-endemic,0,0,0,0,0,0,0
Firmiana,non-endemic,1,0,0,0,0,0,0
Flagellaria,non-endemic,0,0,0,0,0,0,0
Flemingia,non-endemic,1,0,0,0,0,0,0
Flindersia,non-endemic,12,0,0,0,0,0,0
Floscopa,non-endemic,0,0,0,0,0,0,0
Flueggea,non-endemic,1,0,0,0,0,0,0
Freycinetia,non-endemic,0,0,0,0,0,0,0
Fuirena,non-endemic,2,0,0,0,0,0,0
Gahnia,non-endemic,0,0,0,0,0,0,0
Gaimardia,non-endemic,0,0,0,0,0,0,0
Galactia,non-endemic,1,0,0,0,0,0,0
Galium,non-endemic,0,0,0,0,0,0,0
Ganophyllum,non-endemic,0,0,0,0,0,0,0
Garcinia,non-endemic,1,0,0,0,0,0,0
Garnotia,non-endemic,0,0,0,0,0,0,0
Garuga,non-endemic,0,0,0,0,0,0,0
Gastrodia,non-endemic,0,0,0,0,0,0,0
Gaultheria,non-endemic,0,0,0,0,0,0,0
Geijera,non-endemic,3,0,0,0,0,0,0
Geitonoplesium,non-endemic,0,0,0,0,0,0,0
Geniostoma,non-endemic,0,0,0,0,0,0,0
Geodorum,non-endemic,0,0,0,0,0,0,0
Geophila,non-endemic,0,0,0,0,0,0,0
Geranium,non-endemic,0,0,0,0,0,0,0
Germainia,non-endemic,0,0,0,0,0,0,0
Geum,non-endemic,0,0,0,0,0,0,0
Gillbeea,non-endemic,0,0,0,0,0,0,0
Gleichenia,non-endemic,0,0,0,0,0,0,0
Glinus,non-endemic,0,0,0,0,0,0,0
Globba,non-endemic,0,0,0,0,0,0,0
Glochidion,non-endemic,3,0,0,0,0,0,0
Glossocardia,non-endemic,0,0,0,0,0,0,0
Glossocarya,non-endemic,0,0,0,0,0,0,0
Glossostigma,non-endemic,0,0,0,0,0,0,0
Glycine,non-endemic,2,0,0,0,0,0,0
Glycosmis,non-endemic,0,0,0,0,0,0,0
Gmelina,non-endemic,2,0,0,0,0,0,0
Gnetum,non-endemic,0,0,0,0,0,0,0
Gomphandra,non-endemic,1,0,0,0,0,0,0
Gompholobium,non-endemic,5,0,1,0,0,0,0
Goniophlebium,non-endemic,0,0,0,0,0,0,0
Gonocarpus,non-endemic,0,0,0,0,0,0,0
Goodenia,non-endemic,0,0,0,0,0,0,0
Goodyera,non-endemic,0,0,0,0,0,0,0
Gossia,non-endemic,1,0,0,0,0,0,0
Gouania,non-endemic,0,0,0,0,0,0,0
Graptophyllum,non-endemic,0,0,0,0,0,0,0
Gratiola,non-endemic,0,0,0,0,0,0,0
Grevillea,non-endemic,178,27,46,15,39,8,0
Grewia,non-endemic,0,0,0,0,0,0,0
Grona,non-endemic,0,0,0,0,0,0,0
Guettarda,non-endemic,0,0,0,0,0,0,0
Guioa,non-endemic,4,0,0,0,0,0,0
Gymnanthera,non-endemic,0,0,0,0,0,0,0
Gymnema,non-endemic,0,0,0,0,0,0,0
Gymnosporia,non-endemic,0,0,0,0,0,0,0
Gynochthodes,non-endemic,0,0,0,0,0,0,0
Gyrocarpus,non-endemic,0,0,0,0,0,0,0
Habenaria,non-endemic,0,0,0,0,0,0,0
Hackelochloa,non-endemic,0,0,0,0,0,0,0
Haemodorum,non-endemic,0,0,0,0,0,0,0
Halfordia,non-endemic,1,0,0,0,0,0,0
Halgania,non-endemic,0,0,0,0,0,0,0
Halodule,non-endemic,0,0,0,0,0,0,0
Halophila,non-endemic,1,0,0,0,0,0,0
Hanguana,non-endemic,1,0,0,0,0,0,0
Hanslia,non-endemic,0,0,0,0,0,0,0
Haplopteris,non-endemic,0,0,0,0,0,0,0
Hardenbergia,non-endemic,0,0,0,0,0,0,0
Harpullia,non-endemic,7,0,0,0,0,0,0
Harrisonia,non-endemic,0,0,0,0,0,0,0
Hedyotis,non-endemic,0,0,0,0,0,0,0
Helicia,non-endemic,5,0,0,0,1,0,0
Helicteres,non-endemic,0,0,0,0,0,0,0
Heliotropium,non-endemic,0,0,0,0,0,0,0
Helminthostachys,non-endemic,0,0,0,0,0,0,0
Hemigraphis,non-endemic,0,0,0,0,0,0,0
Hemisteptia,non-endemic,1,0,0,0,0,0,0
Herissantia,non-endemic,0,0,0,0,0,0,0
Heritiera,non-endemic,1,0,0,0,0,0,0
Hernandia,non-endemic,1,0,0,0,0,0,0
Herpolirion,non-endemic,0,0,0,0,0,0,0
Hetaeria,non-endemic,0,0,0,0,0,0,0
Heteropogon,non-endemic,0,0,0,0,0,0,0
Heterostemma,non-endemic,0,0,0,0,0,0,0
Hibbertia,non-endemic,0,0,0,0,0,0,0
Hibiscus,non-endemic,2,0,0,0,0,0,0
Hierochloe,non-endemic,0,0,0,0,0,0,0
Histiopteris,non-endemic,0,0,0,0,0,0,0
Hiya,non-endemic,0,0,0,0,0,0,0
Homalanthus,non-endemic,0,0,0,0,0,0,0
Hoppea,non-endemic,0,0,0,0,0,0,0
Hornstedtia,non-endemic,0,0,0,0,0,0,0
Hoya,non-endemic,0,0,0,0,0,0,0
Huberantha,non-endemic,0,0,0,0,0,0,0
Hugonia,non-endemic,0,0,0,0,0,0,0
Humata,non-endemic,0,0,0,0,0,0,0
Huperzia,non-endemic,0,0,0,0,0,0,0
Hydnophytum,non-endemic,0,0,0,0,0,0,0
Hydriastele,non-endemic,3,0,0,0,0,0,0
Hydrilla,non-endemic,0,0,0,0,0,0,0
Hydrocharis,non-endemic,1,0,0,0,0,0,0
Hydrocotyle,non-endemic,1,0,0,0,0,0,0
Hydrolea,non-endemic,1,0,0,0,0,0,0
Hymenasplenium,non-endemic,0,0,0,0,0,0,0
Hymenophyllum,non-endemic,0,0,0,0,0,0,0
Hymenosporum,non-endemic,1,0,0,0,0,0,0
Hyparrhenia,non-endemic,0,0,0,0,0,0,0
Hypericum,non-endemic,0,0,0,0,0,0,0
Hypertelis,non-endemic,0,0,0,0,0,0,0
Hypoestes,non-endemic,0,0,0,0,0,0,0
Hypolepis,non-endemic,0,0,0,0,0,0,0
Hypolytrum,non-endemic,0,0,0,0,0,0,0
Hypoxis,non-endemic,0,0,0,0,0,0,0
Hypserpa,non-endemic,0,0,0,0,0,0,0
Ichnanthus,non-endemic,0,0,0,0,0,0,0
Ichnocarpus,non-endemic,0,0,0,0,0,0,0
Ileostylus,non-endemic,0,0,0,0,0,0,0
Ilex,non-endemic,0,0,0,0,0,0,0
Imperata,non-endemic,0,0,0,0,0,0,0
Indigastrum,non-endemic,0,0,0,0,0,0,0
Indigofera,non-endemic,4,0,1,1,1,0,0
Inocarpus,non-endemic,0,0,0,0,0,0,0
Intsia,non-endemic,0,0,0,1,0,0,0
Iphigenia,non-endemic,0,0,0,0,0,0,0
Ipomoea,non-endemic,2,0,0,0,0,0,0
Isachne,non-endemic,1,0,0,0,0,0,0
Ischaemum,non-endemic,2,0,0,0,0,0,0
Isoetes,non-endemic,1,0,0,0,0,0,0
Isolepis,non-endemic,3,0,0,0,0,0,0
Isotoma,non-endemic,0,0,0,0,0,0,0
Ixora,non-endemic,1,0,0,0,0,0,0
Jacquemontia,non-endemic,0,0,0,0,0,0,0
Jagera,non-endemic,2,0,0,0,0,0,0
Jasminum,non-endemic,0,0,0,0,0,0,0
Josephinia,non-endemic,0,0,0,0,0,0,0
Juncus,non-endemic,6,0,0,0,0,0,0
Kelleria,non-endemic,0,0,0,0,0,0,0
Kleinhovia,non-endemic,0,0,0,0,0,0,0
Knoxia,non-endemic,0,0,0,0,0,0,0
Kopsia,non-endemic,0,0,0,0,0,0,0
Korthalsella,non-endemic,0,0,0,0,0,0,0
Kunzea,non-endemic,0,0,0,0,0,0,0
Lachnagrostis,non-endemic,0,0,0,0,0,0,0
Lagenophora,non-endemic,0,0,0,0,0,0,0
Lagerstroemia,non-endemic,1,0,0,0,0,0,0
Laportea,non-endemic,0,0,0,0,0,0,0
Lasianthus,non-endemic,0,0,0,0,0,0,0
Lastreopsis,non-endemic,0,0,0,0,0,0,0
Launaea,non-endemic,0,0,0,0,0,0,0
Lecanopteris,non-endemic,0,0,0,0,0,0,0
Lechenaultia,non-endemic,0,0,0,0,0,0,0
Leea,non-endemic,0,0,0,0,0,0,0
Leersia,non-endemic,1,0,0,0,0,0,0
Leichhardtia,non-endemic,0,0,0,0,0,0,0
Lemna,non-endemic,3,0,0,0,0,0,0
Lepidagathis,non-endemic,0,0,0,0,0,0,0
Lepidium,non-endemic,0,0,0,0,0,0,0
Lepidopetalum,non-endemic,1,0,0,0,0,0,0
Lepidosperma,non-endemic,0,0,0,0,0,0,0
Lepironia,non-endemic,0,0,0,0,0,0,0
Lepisanthes,non-endemic,0,0,0,0,0,0,0
Leptaspis,non-endemic,0,0,0,0,0,0,0
Leptecophylla,non-endemic,0,0,0,0,0,0,0
Leptinella,non-endemic,0,0,0,0,0,0,0
Leptochilus,non-endemic,0,0,0,0,0,0,0
Leptospermum,non-endemic,13,0,0,0,0,1,0
Lepturus,non-endemic,0,0,0,0,0,0,0
Lespedeza,non-endemic,0,0,0,0,0,0,0
Leucas,non-endemic,0,0,0,0,0,0,0
Leucopogon,non-endemic,2,0,0,0,0,0,0
Levieria,non-endemic,0,0,0,0,0,0,0
Libertia,non-endemic,0,0,0,0,0,0,0
Licuala,non-endemic,1,0,0,0,0,0,0
Ligustrum,non-endemic,0,0,0,0,0,0,0
Limnophila,non-endemic,1,0,0,0,0,0,0
Limosella,non-endemic,0,0,0,0,0,0,0
Lindera,non-endemic,0,0,0,0,0,0,0
Lindsaea,non-endemic,0,0,0,0,0,0,0
Lindsayomyrtus,non-endemic,1,0,0,0,0,0,0
Liparis,non-endemic,1,0,0,0,0,0,0
Liparophyllum,non-endemic,0,0,0,0,0,0,0
Lithomyrtus,non-endemic,0,0,0,0,0,2,0
Litsea,non-endemic,1,0,0,0,0,0,0
Livistona,non-endemic,6,0,1,0,1,0,1
Lobelia,non-endemic,0,0,0,0,0,0,0
Lomandra,non-endemic,0,0,0,0,0,0,0
Lomariopsis,non-endemic,0,0,0,0,0,0,0
Lophatherum,non-endemic,0,0,0,0,0,0,0
Lophostemon,non-endemic,2,0,0,0,0,2,0
Lotus,non-endemic,0,0,0,0,0,0,0
Ludwigia,non-endemic,3,0,0,0,0,0,0
Luffa,non-endemic,0,0,0,0,0,0,0
Lumnitzera,non-endemic,0,0,0,0,0,0,0
Lunasia,non-endemic,0,0,0,0,0,0,0
Luvunga,non-endemic,0,0,0,0,0,0,0
Luzula,non-endemic,0,0,0,0,0,0,0
Lycianthes,non-endemic,0,0,0,0,0,0,0
Lycopodiella,non-endemic,0,0,0,0,0,0,0
Lycopodium,non-endemic,0,0,0,0,0,0,0
Lygodium,non-endemic,0,0,0,0,0,0,0
Lysimachia,non-endemic,0,0,0,0,0,0,0
Lythrum,non-endemic,3,0,0,0,0,0,0
Macadamia,non-endemic,0,0,2,0,1,0,0
Macaranga,non-endemic,3,0,0,0,0,0,0
Machaerina,non-endemic,0,0,0,0,0,0,0
Mackinlaya,non-endemic,0,0,0,0,0,0,0
Maclura,non-endemic,0,0,0,0,0,0,0
Macrothelypteris,non-endemic,0,0,0,0,0,0,0
Maesa,non-endemic,0,0,0,0,0,0,0
Maireana,non-endemic,0,0,0,0,0,0,0
Malaisia,non-endemic,0,0,0,0,0,0,0
Mallotus,non-endemic,3,0,0,0,1,0,0
Mammea,non-endemic,0,0,0,0,0,0,0
Manilkara,non-endemic,0,0,0,0,0,0,0
Maniltoa,non-endemic,0,0,0,0,0,0,0
Mapania,non-endemic,0,0,0,0,0,0,0
Maranthes,non-endemic,0,0,0,0,0,0,0
Margaritaria,non-endemic,0,0,0,0,0,0,0
Marsilea,non-endemic,2,0,0,0,0,0,0
Mazus,non-endemic,0,0,0,0,0,0,0
Medicosma,non-endemic,1,0,0,0,0,0,0
Meiogyne,non-endemic,0,0,0,0,0,0,0
Melaleuca,non-endemic,35,0,0,0,1,11,0
Melastoma,non-endemic,0,0,0,0,0,0,0
Melhania,non-endemic,0,0,0,0,0,0,0
Melia,non-endemic,1,0,0,0,0,0,0
Melicope,non-endemic,4,0,0,0,0,0,0
Melicytus,non-endemic,1,0,0,0,0,0,0
Melochia,non-endemic,1,0,0,0,0,0,0
Melodinus,non-endemic,0,0,0,0,0,0,0
Memecylon,non-endemic,0,0,0,0,0,0,0
Merremia,non-endemic,0,0,0,0,0,0,0
Mezoneuron,non-endemic,0,0,0,0,0,0,0
Microcarpaea,non-endemic,0,0,0,0,0,0,0
Microchloa,non-endemic,0,0,0,0,0,0,0
Microlaena,non-endemic,0,0,0,0,0,0,0
Microlepia,non-endemic,0,0,0,0,0,0,0
Micromelum,non-endemic,1,0,0,0,0,0,0
Micropera,non-endemic,0,0,0,0,0,0,0
Microseris,non-endemic,0,0,0,0,0,0,0
Microsorum,non-endemic,0,0,0,0,0,0,0
Microstachys,non-endemic,0,0,0,0,0,0,0
Microstegium,non-endemic,0,0,0,0,0,0,0
Microtis,non-endemic,0,0,0,0,0,0,0
Miliusa,non-endemic,0,0,0,0,0,0,0
Millettia,non-endemic,0,0,0,0,0,0,0
Mimulus,non-endemic,1,0,0,0,0,0,0
Mimusops,non-endemic,1,0,0,0,0,0,0
Mischarytera,non-endemic,2,0,0,0,0,0,0
Mischocarpus,non-endemic,5,0,0,0,0,0,0
Mitrasacme,non-endemic,0,0,0,0,0,0,0
Mitreola,non-endemic,0,0,0,0,0,0,0
Mitrephora,non-endemic,0,0,0,0,0,0,0
Mnesithea,non-endemic,0,0,0,1,0,0,0
Molineria,non-endemic,0,0,0,0,0,0,0
Momordica,non-endemic,0,0,0,0,0,0,0
Monococcus,non-endemic,0,0,0,0,0,0,0
Monogramma,non-endemic,0,0,0,0,0,0,0
Montia,non-endemic,1,0,0,0,0,0,0
Montitega,non-endemic,0,0,0,0,0,0,0
Morinda,non-endemic,0,0,0,0,0,0,0
Mucuna,non-endemic,0,0,0,0,0,0,0
Muehlenbeckia,non-endemic,0,0,0,0,0,0,0
Muellerargia,non-endemic,0,0,0,0,0,0,0
Muellerina,non-endemic,0,0,0,0,0,0,0
Murdannia,non-endemic,1,0,0,0,0,0,0
Murraya,non-endemic,0,0,0,0,0,0,0
Musa,non-endemic,1,0,1,0,0,0,0
Myoporum,non-endemic,3,0,0,0,0,0,0
Myosotis,non-endemic,0,0,0,0,0,0,0
Myriophyllum,non-endemic,0,0,0,0,0,0,0
Myristica,non-endemic,2,0,0,0,1,0,0
Myrmecodia,non-endemic,0,0,0,0,0,0,0
Myrsine,non-endemic,7,0,0,0,0,0,0
Najas,non-endemic,3,0,0,0,0,0,0
Nauclea,non-endemic,1,0,0,0,0,0,0
Nelumbo,non-endemic,0,0,0,0,0,0,0
Neoalsomitra,non-endemic,0,0,0,0,0,0,0
Neolamarckia,non-endemic,0,0,0,0,0,0,0
Neolitsea,non-endemic,1,0,0,0,0,0,0
Neololeba,non-endemic,0,0,0,0,0,0,0
Neonauclea,non-endemic,0,0,0,0,0,0,0
Neosepicaea,non-endemic,0,0,0,0,0,0,0
Nepenthes,non-endemic,4,0,0,0,0,0,0
Nephrolepis,non-endemic,0,0,0,0,0,0,0
Neptunia,non-endemic,1,0,0,0,0,0,0
Nertera,non-endemic,0,0,0,0,0,0,0
Nervilia,non-endemic,0,0,0,0,0,0,0
Nestegis,non-endemic,0,0,0,0,0,0,0
Nicotiana,non-endemic,0,0,0,0,0,0,0
Nothocnide,non-endemic,0,0,0,0,0,0,0
Notogrammitis,non-endemic,0,0,0,0,0,0,0
Notoleptopus,non-endemic,0,0,0,0,0,0,0
Notothixos,non-endemic,0,0,0,0,0,0,0
Nymphaea,non-endemic,0,0,0,0,0,0,0
Nymphoides,non-endemic,0,0,0,0,0,0,0
Nypa,non-endemic,1,0,0,0,0,0,0
Oberonia,non-endemic,0,1,0,0,0,0,0
Ochrosia,non-endemic,2,1,0,0,0,0,0
Ocimum,non-endemic,0,0,0,0,0,0,0
Octarrhena,non-endemic,0,0,0,0,0,0,0
Oenanthe,non-endemic,0,0,0,0,0,0,0
Olax,non-endemic,0,0,0,0,0,0,0
Oldenlandia,non-endemic,0,0,0,0,0,0,0
Olea,non-endemic,0,0,0,0,0,0,0
Oleandra,non-endemic,0,0,0,0,0,0,0
Omphalea,non-endemic,0,0,0,0,0,0,0
Operculina,non-endemic,0,0,0,0,0,0,0
Ophioglossum,non-endemic,0,0,0,0,0,0,0
Ophiuros,non-endemic,0,0,0,0,0,0,0
Opilia,non-endemic,0,0,0,0,0,0,0
Oplismenus,non-endemic,1,0,0,0,0,0,0
Oreobolus,non-endemic,0,0,0,0,0,0,0
Oreogrammitis,non-endemic,0,0,0,0,0,0,0
Orobanche,non-endemic,0,0,0,0,0,0,0
Orthoceras,non-endemic,0,0,0,0,0,0,0
Orthosiphon,non-endemic,0,0,0,0,0,0,0
Oryza,non-endemic,2,0,0,0,0,0,0
Osbeckia,non-endemic,0,0,0,0,0,0,0
Osbornia,non-endemic,0,0,0,0,0,0,0
Ottelia,non-endemic,1,0,0,0,0,0,0
Ottochloa,non-endemic,0,0,0,0,0,0,0
Oxalis,non-endemic,0,0,0,0,0,0,0
Oxystelma,non-endemic,0,0,0,0,0,0,0
Oxytes,non-endemic,0,0,0,0,0,0,0
Pachygone,non-endemic,0,0,0,0,0,0,0
Pachystoma,non-endemic,0,0,0,0,0,0,0
Palmeria,non-endemic,0,0,0,0,0,0,0
Pandanus,non-endemic,6,0,0,0,0,0,0
Pandorea,non-endemic,0,0,0,0,0,0,0
Panicum,non-endemic,1,0,0,0,0,0,0
Paramapania,non-endemic,0,0,0,0,0,0,0
Pararchidendron,non-endemic,0,0,0,0,0,0,0
Paraserianthes,non-endemic,0,0,0,0,0,0,0
Parietaria,non-endemic,0,0,0,0,0,0,0
Parinari,non-endemic,1,0,0,0,0,0,0
Parsonsia,non-endemic,0,0,0,0,0,0,0
Paspalidium,non-endemic,1,0,0,0,0,0,0
Paspalum,non-endemic,3,0,0,0,0,0,0
Passiflora,non-endemic,0,0,0,0,0,0,0
Pavonia,non-endemic,0,0,0,0,0,0,0
Pelargonium,non-endemic,0,0,0,0,0,0,0
Pellaea,non-endemic,0,0,0,0,0,0,0
Peltophorum,non-endemic,0,0,0,0,0,0,0
Pemphis,non-endemic,0,0,0,0,0,0,0
Pentachondra,non-endemic,0,0,0,0,0,0,0
Pentapetes,non-endemic,0,0,0,0,0,0,0
Peperomia,non-endemic,0,0,0,0,0,0,0
Peplidium,non-endemic,0,0,0,0,0,0,0
Peristylus,non-endemic,0,0,0,0,0,0,0
Perotis,non-endemic,0,0,0,0,0,0,0
Persicaria,non-endemic,2,0,0,0,0,0,0
Petalostigma,non-endemic,1,0,0,0,0,0,0
Petraeovitex,non-endemic,0,0,0,0,0,0,0
Phacellothrix,non-endemic,0,0,0,0,0,0,0
Phaius,non-endemic,0,0,0,0,0,0,0
Phaleria,non-endemic,1,0,0,0,0,0,0
Pheidochloa,non-endemic,0,0,0,0,0,0,0
Philydrum,non-endemic,0,0,0,0,0,0,0
Phlegmariurus,non-endemic,0,0,0,0,0,0,0
Pholidota,non-endemic,0,0,0,0,0,0,0
Phormium,non-endemic,0,0,0,0,0,0,0
Phragmites,non-endemic,2,0,0,0,0,0,0
Phyla,non-endemic,0,0,0,0,0,0,0
Phylacium,non-endemic,0,0,0,0,0,0,0
Phyllachne,non-endemic,0,0,0,0,0,0,0
Phyllanthus,non-endemic,7,0,0,0,0,0,0
Phyllodium,non-endemic,1,0,0,0,0,0,0
Phylloglossum,non-endemic,0,0,0,0,0,0,0
Physalis,non-endemic,0,0,0,0,0,0,0
Picris,non-endemic,0,0,0,0,0,0,0
Pilea,non-endemic,0,0,0,0,0,0,0
Pilidiostigma,non-endemic,0,0,0,0,0,0,0
Pilularia,non-endemic,0,0,0,0,0,0,0
Pimelea,non-endemic,0,0,0,0,0,0,0
Pimelodendron,non-endemic,1,0,0,0,0,0,0
Piper,non-endemic,0,0,0,0,0,0,0
Pipturus,non-endemic,0,0,0,0,0,0,0
Pisonia,non-endemic,0,0,0,0,0,0,0
Pittosporum,non-endemic,2,0,0,0,0,0,0
Planchonella,non-endemic,0,0,0,1,0,0,0
Planchonia,non-endemic,0,0,0,0,0,0,0
Plantago,non-endemic,0,0,0,0,0,0,0
Platostoma,non-endemic,0,0,0,0,0,0,0
Platycerium,non-endemic,0,0,0,0,0,0,0
Plectranthus,non-endemic,0,0,0,0,0,0,0
Pleiogynium,non-endemic,0,0,0,0,0,0,0
Plesioneuron,non-endemic,0,0,0,0,0,0,0
Pleuranthodium,non-endemic,1,0,0,0,0,0,0
Pleurolobus,non-endemic,0,0,0,0,0,0,0
Pleurophyllum,non-endemic,0,0,0,0,0,0,0
Pleurostylia,non-endemic,0,0,0,0,0,0,0
Pluchea,non-endemic,0,0,0,0,0,0,0
Plumbago,non-endemic,0,0,0,0,0,0,0
Pneumatopteris,non-endemic,0,0,0,0,0,0,0
Poa,non-endemic,3,0,0,0,0,0,0
Podocarpus,non-endemic,7,0,0,0,0,0,0
Podolepis,non-endemic,0,0,0,0,0,0,0
Pogonatherum,non-endemic,1,0,0,0,0,0,0
Pogostemon,non-endemic,1,0,0,0,0,0,0
Poikilogyne,non-endemic,0,0,0,0,0,0,0
Polhillides,non-endemic,0,0,0,0,0,0,0
Pollia,non-endemic,0,0,0,0,0,0,0
Polycarpaea,non-endemic,0,0,0,0,0,0,0
Polygala,non-endemic,0,0,0,0,0,0,0
Polygonum,non-endemic,1,0,0,0,0,0,0
Polymeria,non-endemic,0,0,0,0,0,0,0
Polyphlebium,non-endemic,0,0,0,0,0,0,0
Polyscias,non-endemic,6,0,0,0,0,0,0
Polystichum,non-endemic,0,0,0,0,0,0,0
Pomaderris,non-endemic,0,0,0,0,0,0,0
Pomatocalpa,non-endemic,0,0,0,0,0,0,0
Poranthera,non-endemic,0,0,0,0,0,0,0
Portulaca,non-endemic,0,0,0,0,0,0,0
Potamogeton,non-endemic,0,0,0,0,0,0,0
Pothos,non-endemic,0,0,0,0,0,0,0
Pouzolzia,non-endemic,0,0,0,0,0,0,0
Premna,non-endemic,0,0,0,0,0,0,0
Pringlea,non-endemic,0,0,0,0,0,0,0
Procris,non-endemic,0,0,0,0,0,0,0
Proiphys,non-endemic,0,0,0,0,0,0,0
Pronephrium,non-endemic,0,0,0,0,0,0,0
Prosaptia,non-endemic,0,0,0,0,0,0,0
Prunus,non-endemic,1,0,0,0,0,0,0
Pseuderanthemum,non-endemic,0,0,0,0,0,0,0
Pseudognaphalium,non-endemic,0,0,0,0,0,0,0
Pseudopogonatherum,non-endemic,0,0,0,0,0,0,0
Pseudoraphis,non-endemic,0,0,0,0,0,0,0
Pseudovanilla,non-endemic,0,0,0,0,0,0,0
Psilotum,non-endemic,1,0,0,0,0,0,0
Psychotria,non-endemic,0,0,0,0,0,0,0
Psydrax,non-endemic,9,0,0,0,0,0,0
Pteridium,non-endemic,0,0,0,0,0,0,0
Pteridrys,non-endemic,0,0,0,0,0,0,0
Pteris,non-endemic,0,0,0,0,0,0,0
Pternandra,non-endemic,0,0,0,0,0,0,0
Pterocaulon,non-endemic,0,0,0,0,0,0,0
Pterostylis,non-endemic,6,2,0,0,0,0,0
Ptilotus,non-endemic,0,0,0,0,0,0,0
Ptisana,non-endemic,0,0,0,0,0,0,0
Ptychosperma,non-endemic,1,0,0,0,0,0,0
Puccinellia,non-endemic,0,0,0,0,0,1,0
Pueraria,non-endemic,0,0,0,0,0,0,0
Pullenia,non-endemic,0,0,0,0,0,0,0
Pultenaea,non-endemic,5,0,0,2,3,0,0
Pupalia,non-endemic,0,0,0,0,0,0,0
Pycnarrhena,non-endemic,0,0,0,0,0,0,0
Pycnospora,non-endemic,0,0,0,0,0,0,0
Pyrrosia,non-endemic,0,0,0,0,0,0,0
Ranunculus,non-endemic,0,0,0,0,0,0,0
Remusatia,non-endemic,0,0,0,0,0,0,0
Rhamnella,non-endemic,0,0,0,0,0,0,0
Rhamnus,non-endemic,0,0,0,0,0,0,0
Rhamphicarpa,non-endemic,0,0,0,0,0,0,0
Rhaphidophora,non-endemic,0,0,0,0,0,0,0
Rhizophora,non-endemic,1,0,0,0,0,0,0
Rhodamnia,non-endemic,1,0,0,0,0,1,0
Rhodomyrtus,non-endemic,2,0,0,0,0,0,0
Rhopalostylis,non-endemic,0,0,0,0,0,0,0
Rhus,non-endemic,0,0,0,0,0,0,0
Rhynchosia,non-endemic,1,0,0,0,0,0,0
Rhynchospora,non-endemic,1,0,0,0,0,0,0
Rhysotoechia,non-endemic,1,0,0,0,0,0,0
Rinorea,non-endemic,0,0,0,0,0,0,0
Ripogonum,non-endemic,0,0,0,0,0,0,0
Robiquetia,non-endemic,0,0,0,0,0,0,0
Rorippa,non-endemic,1,0,0,0,0,0,0
Rostellularia,non-endemic,0,0,0,0,0,0,0
Rotala,non-endemic,0,0,0,0,0,0,0
Rothia,non-endemic,0,0,0,0,0,0,0
Rottboellia,non-endemic,0,0,0,0,0,0,0
Rubus,non-endemic,1,0,0,0,0,0,0
Rumex,non-endemic,0,0,0,0,0,0,0
Rumohra,non-endemic,1,0,0,0,0,0,0
Ruppia,non-endemic,1,0,0,0,0,0,0
Rytidosperma,non-endemic,1,0,0,0,0,0,0
Saccharum,non-endemic,0,0,0,0,0,0,0
Sacciolepis,non-endemic,0,0,0,0,0,0,0
Saccolabiopsis,non-endemic,0,0,0,0,0,0,0
Sageretia,non-endemic,0,0,0,0,0,0,0
Salacia,non-endemic,0,0,0,0,0,0,0
Salicornia,non-endemic,0,0,0,0,0,0,0
Salomonia,non-endemic,0,0,0,0,0,0,0
Salsola,non-endemic,0,0,0,0,0,0,0
Salvia,non-endemic,0,0,0,0,0,0,0
Samolus,non-endemic,1,0,0,0,0,0,0
Santalum,non-endemic,3,0,0,0,2,0,0
Sarcanthopsis,non-endemic,0,0,0,0,0,0,0
Sarcochilus,non-endemic,1,0,0,0,0,0,0
Sarcolobus,non-endemic,0,0,0,0,0,0,0
Sarcomelicope,non-endemic,0,0,0,0,0,0,0
Sarcopetalum,non-endemic,0,0,0,0,0,0,0
Sauropus,non-endemic,0,0,0,0,0,0,0
Scaevola,non-endemic,0,0,0,0,0,0,0
Schefflera,non-endemic,0,0,0,0,0,0,0
Schelhammera,non-endemic,0,0,0,0,0,0,0
Schizachyrium,non-endemic,0,0,0,0,0,0,0
Schizaea,non-endemic,0,0,0,0,0,0,0
Schoenoplectiella,non-endemic,2,0,0,0,0,0,0
Schoenoplectus,non-endemic,1,0,0,0,0,0,0
Schoenorchis,non-endemic,0,0,0,0,0,0,0
Schoenus,non-endemic,1,0,0,0,0,0,0
Schoutenia,non-endemic,0,0,0,0,0,0,0
Sciaphila,non-endemic,0,0,0,0,0,0,0
Scindapsus,non-endemic,0,0,0,0,0,0,0
Scirpodendron,non-endemic,0,0,0,0,0,0,0
Scirpus,non-endemic,0,0,0,0,0,0,0
Scleranthus,non-endemic,0,0,0,0,0,0,0
Scleria,non-endemic,13,0,0,0,0,0,0
Sclerolaena,non-endemic,0,0,0,0,0,0,0
Scrotochloa,non-endemic,0,0,0,0,0,0,0
Scyphiphora,non-endemic,0,0,0,0,0,0,0
Sebaea,non-endemic,0,0,0,0,0,0,0
Secamone,non-endemic,0,0,0,0,0,0,0
Sehima,non-endemic,0,0,0,0,0,0,0
Selaginella,non-endemic,0,0,0,0,0,0,0
Semecarpus,non-endemic,0,0,0,0,0,0,0
Senecio,non-endemic,0,0,0,0,0,0,0
Senegalia,non-endemic,0,0,0,0,0,0,0
Senna,non-endemic,6,0,0,0,0,0,0
Sesbania,non-endemic,2,0,0,0,0,0,0
Sesuvium,non-endemic,1,0,0,0,0,0,0
Setaria,non-endemic,1,0,0,0,0,0,0
Sicyos,non-endemic,0,0,0,0,0,0,0
Sida,non-endemic,0,0,0,0,0,0,0
Sigesbeckia,non-endemic,0,0,0,0,0,0,0
Smilax,non-endemic,0,0,0,0,0,0,0
Smithia,non-endemic,0,0,0,0,0,0,0
Solanum,non-endemic,1,0,0,0,0,0,0
Sonchus,non-endemic,0,0,0,0,0,0,0
Sonneratia,non-endemic,0,0,0,0,0,0,0
Sophora,non-endemic,1,0,0,0,0,1,0
Sorghum,non-endemic,4,0,0,0,0,0,0
Sparganium,non-endemic,1,0,0,0,0,0,0
Spathoglottis,non-endemic,0,0,0,0,0,0,0
Spergularia,non-endemic,0,0,0,0,0,0,0
Spermacoce,non-endemic,0,0,0,0,0,0,0
Sphaeranthus,non-endemic,1,0,0,0,0,0,0
Sphaeromorphaea,non-endemic,0,0,0,0,0,0,0
Sphaerostephanos,non-endemic,0,0,0,0,0,0,0
Sphenoclea,non-endemic,0,0,0,0,0,0,0
Sphenostemon,non-endemic,1,0,0,0,0,0,0
Spinifex,non-endemic,0,0,0,0,0,0,0
Spiranthes,non-endemic,1,0,0,0,0,0,0
Spirodela,non-endemic,0,0,0,0,0,0,0
Spondias,non-endemic,0,0,0,0,0,0,0
Sporobolus,non-endemic,1,0,0,0,0,0,0
Sprengelia,non-endemic,0,0,0,0,0,0,0
Stackhousia,non-endemic,0,0,0,0,0,0,0
Staurogyne,non-endemic,0,0,0,0,0,0,0
Steganthera,non-endemic,1,0,0,0,0,0,0
Stellaria,non-endemic,0,0,0,0,0,0,0
Stemodia,non-endemic,0,0,0,0,0,0,0
Stemona,non-endemic,0,0,0,0,0,0,0
Stenocarpus,non-endemic,7,0,2,0,0,0,0
Stenochlaena,non-endemic,0,0,0,0,0,0,0
Stenotaphrum,non-endemic,0,0,0,0,0,0,0
Stephania,non-endemic,0,0,0,0,0,0,0
Sterculia,non-endemic,0,0,0,0,0,0,0
Sticherus,non-endemic,0,0,0,0,0,0,0
Stictocardia,non-endemic,1,0,0,0,0,0,0
Stigmaphyllon,non-endemic,0,0,0,0,0,0,0
Streblus,non-endemic,0,0,0,0,0,0,0
Striga,non-endemic,0,0,0,0,0,0,0
Strongylodon,non-endemic,0,0,0,0,0,0,0
Strychnos,non-endemic,0,0,0,0,0,0,0
Stuckenia,non-endemic,1,0,0,0,0,0,0
Stylidium,non-endemic,0,1,0,0,0,0,0
Suregada,non-endemic,0,0,0,0,0,0,0
Suriana,non-endemic,0,0,0,0,0,0,0
Symplocos,non-endemic,2,0,0,0,0,0,0
Syncarpia,non-endemic,1,0,0,0,0,0,0
Synima,non-endemic,1,0,0,0,0,0,0
Synostemon,non-endemic,0,0,0,0,0,0,0
Synoum,non-endemic,0,0,0,0,0,0,0
Syringodium,non-endemic,0,0,0,0,0,0,0
Syzygium,non-endemic,7,0,0,0,0,6,0
Tabernaemontana,non-endemic,0,0,0,0,0,0,0
Tacca,non-endemic,1,0,0,0,0,0,0
Tadehagi,non-endemic,0,0,0,0,0,0,0
Taeniophyllum,non-endemic,0,0,0,0,0,0,0
Taenitis,non-endemic,0,0,0,0,0,0,0
Tainia,non-endemic,0,0,0,0,0,0,0
Tapeinochilos,non-endemic,0,0,0,0,0,0,0
Tarenna,non-endemic,0,0,0,0,0,0,0
Tarennoidea,non-endemic,0,0,0,0,0,0,0
Tasmannia,non-endemic,0,0,0,0,0,0,0
Tectaria,non-endemic,0,0,0,0,0,0,0
Tecticornia,non-endemic,0,0,0,0,0,0,0
Telmatoblechnum,non-endemic,0,0,0,0,0,0,0
Tephrosia,non-endemic,3,0,0,0,0,3,0
Terminalia,non-endemic,9,0,0,0,0,0,0
Ternstroemia,non-endemic,1,0,0,0,0,0,0
Tetracera,non-endemic,0,0,0,0,0,0,0
Tetragonia,non-endemic,0,0,0,0,0,0,0
Tetrameles,non-endemic,0,0,0,0,0,0,0
Tetraria,non-endemic,0,0,0,0,0,0,0
Teucrium,non-endemic,0,0,0,0,0,0,0
Thalassia,non-endemic,0,0,0,0,0,0,0
Thalassodendron,non-endemic,0,0,0,0,0,0,0
Thaumastochloa,non-endemic,0,0,0,0,0,0,0
Thelasis,non-endemic,0,0,0,0,0,0,0
Thelymitra,non-endemic,1,2,1,0,0,0,0
Thelypteris,non-endemic,1,0,0,0,0,0,0
Themeda,non-endemic,0,0,0,0,0,0,0
Thespesia,non-endemic,0,0,0,0,0,0,0
Thismia,non-endemic,0,0,0,0,0,0,0
Thrixspermum,non-endemic,0,0,0,0,0,0,0
Thuarea,non-endemic,0,0,0,0,0,0,0
Thyridia,non-endemic,0,0,0,0,0,0,0
Thysanotus,non-endemic,0,0,0,0,0,0,0
Timonius,non-endemic,1,0,0,0,0,0,0
Tmesipteris,non-endemic,0,0,0,0,0,0,0
Todea,non-endemic,0,0,0,0,0,0,0
Toechima,non-endemic,1,0,0,0,0,0,0
Toona,non-endemic,1,0,0,0,0,0,0
Torenia,non-endemic,1,0,0,0,0,0,0
Trachymene,non-endemic,0,0,0,0,0,0,0
Tragus,non-endemic,0,0,0,0,0,0,0
Trema,non-endemic,1,0,0,0,0,0,0
Tribulus,non-endemic,0,0,0,0,0,0,0
Trichodesma,non-endemic,0,0,0,0,0,0,0
Trichosanthes,non-endemic,0,0,0,0,0,0,0
Trichospermum,non-endemic,1,0,0,0,0,0,0
Tricoryne,non-endemic,0,0,0,0,0,0,0
Tricostularia,non-endemic,0,0,0,0,0,0,0
Triflorensia,non-endemic,1,0,1,0,0,0,0
Triglochin,non-endemic,0,0,0,0,0,0,0
Tripogonella,non-endemic,0,0,0,0,0,0,0
Triraphis,non-endemic,0,0,0,0,0,0,0
Trisetum,non-endemic,0,0,0,0,0,0,0
Tristellateia,non-endemic,0,0,0,0,0,0,0
Tristiropsis,non-endemic,0,0,0,0,0,0,0
Triumfetta,non-endemic,0,0,0,0,0,0,0
Trochocarpa,non-endemic,1,0,0,0,0,0,0
Tropidia,non-endemic,0,0,0,0,0,0,0
Turraea,non-endemic,0,0,0,0,0,0,0
Typha,non-endemic,1,0,0,0,0,0,0
Typhonium,non-endemic,1,0,0,0,1,0,0
Uncaria,non-endemic,0,0,0,0,0,0,0
Uraria,non-endemic,1,0,0,0,0,0,0
Urena,non-endemic,0,0,0,0,0,0,0
Urochloa,non-endemic,0,0,0,0,0,0,0
Urtica,non-endemic,0,0,0,0,0,0,0
Utania,non-endemic,0,0,0,0,0,0,0
Utricularia,non-endemic,55,0,0,0,2,0,0
Uvaria,non-endemic,0,0,0,0,0,0,0
Vallisneria,non-endemic,0,0,0,0,0,0,0
Vanda,non-endemic,1,0,0,0,0,0,0
Vandasina,non-endemic,1,0,0,0,0,0,0
Vandenboschia,non-endemic,0,0,0,0,0,0,0
Vavaea,non-endemic,0,0,0,0,0,0,0
Velleia,non-endemic,0,0,0,0,0,0,0
Verbena,non-endemic,0,0,0,0,0,0,0
Veronica,non-endemic,0,0,0,0,0,0,0
Vigna,non-endemic,2,0,0,0,0,0,0
Vincetoxicum,non-endemic,0,0,0,0,0,0,0
Viola,non-endemic,0,0,0,0,0,0,0
Viscum,non-endemic,0,0,0,0,0,0,0
Vitex,non-endemic,1,0,0,0,0,0,0
Voacanga,non-endemic,0,0,0,0,0,0,0
Vrydagzynea,non-endemic,0,0,0,0,0,0,0
Wahlenbergia,non-endemic,0,0,0,0,0,0,0
Waltheria,non-endemic,0,0,0,0,0,0,0
Welchiodendron,non-endemic,1,0,0,0,0,0,0
Wetria,non-endemic,0,0,1,0,0,0,0
Whiteochloa,non-endemic,0,0,0,0,0,0,0
Wikstroemia,non-endemic,0,0,0,0,0,0,0
Wilkiea,non-endemic,1,0,0,0,0,0,0
Wilsonia,non-endemic,0,0,0,0,0,0,0
Wodyetia,non-endemic,0,0,0,0,0,0,1
Wolffia,non-endemic,1,0,0,0,0,0,0
Wollastonia,non-endemic,0,0,0,0,0,0,0
Wrightia,non-endemic,2,0,0,0,0,0,0
Xanthophyllum,non-endemic,1,0,0,0,0,0,0
Xanthostemon,non-endemic,1,0,0,0,1,4,0
Xenostegia,non-endemic,0,0,0,0,0,0,0
Xerochrysum,non-endemic,0,0,0,0,0,0,0
Ximenia,non-endemic,0,0,0,0,0,0,0
Xylocarpus,non-endemic,0,0,0,0,0,0,0
Xyris,non-endemic,3,0,0,0,0,0,0
Yamazakia,non-endemic,0,0,0,0,0,0,0
Youngia,non-endemic,0,0,0,0,0,0,0
Zannichellia,non-endemic,0,0,0,0,0,0,0
Zanthoxylum,non-endemic,2,0,0,0,0,0,0
Zehneria,non-endemic,0,0,0,0,0,0,0
Ziziphus,non-endemic,0,0,0,0,0,0,0
Zornia,non-endemic,0,0,0,0,0,0,0
Zostera,non-endemic,0,0,0,0,0,0,0
Zoysia,non-endemic,0,0,0,0,0,0,0
Abildgaardia,non-endemic,0,0,0,0,0,0,0
Abroma,non-endemic,0,0,0,0,0,0,0
Abrophyllum,endemic,0,0,0,0,0,0,0
Acanthocarpus,endemic,0,0,0,0,0,0,0
Acanthocladium,endemic,0,0,0,0,0,0,0
Aceratium,non-endemic,1,0,0,0,0,0,0
Achnophora,endemic,0,0,0,0,0,0,0
Acianthus,non-endemic,0,0,0,0,0,0,0
Acidonia,endemic,0,0,0,0,0,0,0
Aciphylla,non-endemic,0,0,0,0,0,0,0
Ackama,non-endemic,1,0,0,0,0,0,0
Acomis,endemic,0,0,0,0,0,0,0
Acradenia,endemic,1,0,0,0,0,0,0
Acriopsis,non-endemic,0,0,0,0,0,0,0
Acrophyllum,endemic,0,0,0,0,0,0,0
Acrothamnus,non-endemic,0,0,0,0,0,0,0
Acrotriche,endemic,0,0,0,0,0,0,0
Actinobole,endemic,0,0,0,0,0,0,0
Actinodium,endemic,0,0,0,0,0,0,0
Actinoschoenus,non-endemic,0,0,0,0,0,0,0
Actinotus,non-endemic,0,0,0,0,0,0,0
Actites,endemic,0,0,0,0,0,0,0
Acunniana,endemic,0,0,0,0,0,0,0
Adansonia,non-endemic,0,0,0,0,0,0,0
Adelphacme,endemic,0,0,0,0,0,0,0
Adenanthos,endemic,8,2,9,2,4,1,0
Adenochilus,non-endemic,0,0,0,0,0,0,0
Adriana,endemic,0,0,0,0,0,0,0
Aeginetia,non-endemic,0,0,0,0,0,0,0
Aenictophyton,endemic,0,0,0,0,0,0,0
Agastachys,endemic,1,0,0,0,0,0,0
Agiortia,endemic,0,0,0,0,0,0,0
Agonis,non-endemic,1,0,0,0,0,0,0
Agrostocrinum,endemic,0,0,0,0,0,0,0
Ajuga,non-endemic,0,0,0,0,0,0,0
Akania,endemic,0,0,0,0,0,0,0
Alania,endemic,0,0,0,0,0,0,0
Aldrovanda,non-endemic,0,0,1,0,0,0,0
Alexfloydia,endemic,0,0,0,0,0,0,0
Alexgeorgea,endemic,1,0,0,0,0,0,0
Allittia,endemic,0,0,0,0,0,0,0
Allocasuarina,non-endemic,7,0,0,0,2,0,0
Allopterigeron,endemic,0,0,0,0,0,0,0
Allosyncarpia,endemic,0,0,0,0,0,1,0
Almaleea,endemic,0,0,0,0,1,0,0
Althaea,non-endemic,0,0,0,0,0,0,0
Aluta,endemic,0,0,0,0,0,0,0
Alyogyne,non-endemic,0,0,0,0,0,0,0
Ammobium,endemic,0,0,0,0,0,0,0
Amorphospermum,endemic,0,0,0,0,0,0,0
Amperea,endemic,0,0,0,0,0,0,0
Amphibolis,endemic,0,0,0,0,0,0,0
Amphipogon,endemic,0,0,0,0,0,0,0
Anacampseros,non-endemic,0,0,0,0,0,0,0
Anarthria,endemic,0,0,0,0,0,0,0
Ancistrachne,non-endemic,0,0,0,0,0,0,0
Andersonia,endemic,0,0,0,0,0,0,0
Androcalva,endemic,2,0,0,0,0,0,0
Androstoma,non-endemic,0,0,0,0,0,0,0
Anemocarpa,endemic,0,0,0,0,0,0,0
Anemone,non-endemic,0,0,0,0,0,0,0
Angianthus,endemic,0,0,0,0,0,0,0
Angophora,endemic,7,0,0,3,0,0,0
Anigozanthos,non-endemic,0,0,0,0,0,0,0
Anisopogon,endemic,0,0,0,0,0,0,0
Anisotome,non-endemic,0,0,0,0,0,0,0
Anodopetalum,endemic,1,0,0,0,0,0,0
Anoectochilus,non-endemic,0,0,0,0,0,0,0
Anopterus,endemic,0,0,0,0,0,0,0
Anthobolus,non-endemic,0,0,0,0,0,0,0
Anthocercis,endemic,1,0,0,0,0,0,0
Anthotium,endemic,0,0,0,0,0,0,0
Anthotroche,endemic,0,0,0,0,0,0,0
Anticoryne,endemic,0,0,0,0,0,0,0
Aotus,endemic,1,0,0,0,0,0,0
Apalochlamys,endemic,0,0,0,0,0,0,0
Apatophyllum,endemic,0,0,0,0,0,0,0
Aphanes,non-endemic,0,0,0,0,0,0,0
Aphanopetalum,endemic,0,0,0,0,0,0,0
Aphelia,endemic,0,0,0,0,0,0,0
Aphyllorchis,non-endemic,0,0,0,0,0,0,0
Apodasmia,non-endemic,0,0,0,0,0,0,0
Apodytes,non-endemic,1,0,0,0,0,0,0
Aponogeton,non-endemic,0,0,0,0,0,0,0
Apowollastonia,non-endemic,0,0,0,0,0,0,0
Appendicula,non-endemic,0,0,0,0,0,0,0
Arabidella,endemic,0,0,0,0,0,0,0
Archeria,non-endemic,0,0,0,0,0,0,0
Archidendropsis,non-endemic,2,0,0,0,0,0,0
Archirhodomyrtus,non-endemic,0,0,0,0,0,1,0
Archontophoenix,endemic,2,0,0,0,1,0,0
Areocleome,endemic,0,0,0,0,0,0,0
Argentipallium,endemic,0,0,0,0,0,0,0
Argophyllum,non-endemic,0,0,0,0,0,0,0
Argyroglottis,endemic,0,0,0,0,0,0,0
Aristotelia,non-endemic,0,0,0,0,0,0,0
Arnhemia,endemic,0,0,0,0,0,0,0
Arnocrinum,endemic,0,0,0,0,0,0,0
Arrhenechthites,non-endemic,0,0,0,0,0,0,0
Artabotrys,non-endemic,0,0,0,0,0,0,0
Arthragrostis,endemic,0,0,0,0,0,0,0
Arthropodium,non-endemic,0,0,0,0,0,0,0
Arthrostylis,endemic,0,0,0,0,0,0,0
Asperula,non-endemic,0,0,0,0,0,0,0
Astartea,endemic,1,0,0,0,0,0,0
Asteridea,endemic,0,0,0,0,0,0,0
Asterolasia,endemic,0,0,0,0,0,0,0
Asterotrichion,endemic,0,0,0,0,0,0,0
Astonia,endemic,0,0,0,0,0,0,0
Astrebla,endemic,0,0,0,0,0,0,0
Astroloma,endemic,0,0,0,0,0,0,0
Astrotricha,endemic,0,0,0,0,0,0,0
Astus,endemic,0,0,0,0,0,0,0
Atherosperma,endemic,1,0,0,0,0,0,0
Athertonia,endemic,1,0,0,0,0,0,0
Athrotaxis,endemic,0,0,1,0,2,0,0
Atkinsonia,endemic,0,0,0,0,0,0,0
Auranticarpa,endemic,1,0,0,0,0,0,0
Australopyrum,non-endemic,0,0,0,0,0,0,0
Austrobaileya,endemic,0,0,0,0,0,0,0
Austrobryonia,endemic,0,0,0,0,0,0,0
Austrobuxus,non-endemic,0,0,0,0,0,0,0
Austrochloris,endemic,0,0,0,0,0,0,0
Austrodolichos,endemic,0,0,0,0,0,0,0
Austromatthaea,endemic,0,0,0,0,0,0,0
Austromuellera,endemic,1,0,1,0,0,0,0
Austromyrtus,non-endemic,0,0,0,0,0,0,0
Azanza,non-endemic,0,0,0,0,0,0,0
Babingtonia,endemic,0,0,0,0,0,0,0
Backhousia,endemic,0,0,0,0,0,1,0
Baileyoxylon,endemic,0,0,0,0,0,0,0
Balanops,non-endemic,1,0,0,0,0,0,0
Balaustion,endemic,0,0,0,0,0,0,0
Balladonia,endemic,0,0,0,0,0,0,0
Ballantinia,endemic,0,0,0,0,0,0,0
Baloskion,endemic,0,0,0,0,0,0,0
Bambusa,non-endemic,0,0,0,0,0,0,0
Barbarea,non-endemic,0,0,0,0,0,0,0
Barklya,endemic,0,0,0,0,0,0,0
Barongia,endemic,0,0,0,0,0,0,0
Basedowia,endemic,0,0,0,0,0,0,0
Bauera,endemic,0,0,0,0,0,0,0
Baumea,non-endemic,0,0,0,0,0,0,0
Baxteria,endemic,0,0,0,0,0,0,0
Beaufortia,endemic,0,0,0,0,0,0,0
Bedfordia,endemic,0,0,0,0,0,0,0
Bellendena,endemic,1,0,0,0,0,0,0
Bellida,endemic,0,0,0,0,0,0,0
Benthamina,endemic,0,0,0,0,0,0,0
Bentleya,endemic,0,0,0,0,0,0,0
Berberidopsis,non-endemic,0,0,0,0,0,0,0
Bertya,endemic,0,0,0,0,0,0,0
Beyeria,endemic,2,0,0,0,0,0,0
Billardiera,non-endemic,0,0,0,1,0,0,0
Biophytum,non-endemic,0,0,0,0,0,0,0
Blackallia,endemic,0,0,0,0,0,0,0
Blancoa,endemic,0,0,0,0,0,0,0
Blandfordia,endemic,0,0,0,0,0,0,0
Bleasdalea,non-endemic,1,0,0,0,0,0,0
Blennodia,endemic,0,0,0,0,0,0,0
Blennospora,endemic,0,0,0,0,0,0,0
Blepharocarya,endemic,0,0,0,0,0,0,0
Bobea,non-endemic,0,0,0,0,0,0,0
Boea,non-endemic,0,0,0,0,0,0,0
Bonamia,non-endemic,0,0,0,0,0,0,0
Boronia,non-endemic,1,0,0,0,0,0,0
Borya,endemic,0,0,0,0,0,0,0
Bosistoa,endemic,2,0,0,0,0,0,0
Bossiaea,endemic,1,0,0,1,1,0,0
Bouchardatia,non-endemic,0,0,0,0,0,0,0
Bowenia,endemic,2,0,0,0,0,0,0
Brachyloma,endemic,0,0,0,0,0,0,0
Brachypeza,non-endemic,0,0,0,0,0,0,0
Brachyscias,endemic,0,0,0,0,0,0,0
Brachysola,endemic,0,0,0,0,0,0,0
Brackenridgea,non-endemic,0,0,0,0,0,0,0
Brassiantha,non-endemic,0,0,0,0,0,0,0
Brombya,endemic,0,0,0,0,0,0,0
Brunonia,endemic,0,0,0,0,0,0,0
Bubbia,non-endemic,0,0,0,0,0,0,0
Buckinghamia,endemic,0,0,0,0,1,0,0
Bulbine,non-endemic,0,0,0,0,0,0,0
Burchardia,endemic,0,0,0,0,0,0,0
Burnettia,endemic,0,0,0,0,0,0,0
Bursaria,endemic,1,0,0,0,0,0,0
Cadellia,endemic,0,0,0,0,0,0,0
Cadetia,non-endemic,0,0,0,0,0,0,0
Calamphoreus,endemic,0,0,0,0,0,0,0
Calandrinia,non-endemic,0,0,0,0,0,0,0
Calectasia,endemic,0,0,0,0,0,0,0
Callicoma,endemic,1,0,0,0,0,0,0
Callipteris,non-endemic,0,0,0,0,0,0,0
Callistachys,non-endemic,0,0,0,0,0,0,0
Calocephalus,endemic,0,0,0,0,0,0,0
Calomeria,endemic,0,0,0,0,0,0,0
Calorophus,endemic,0,0,0,0,0,0,0
Calostemma,endemic,0,0,0,0,0,0,0
Calothamnus,endemic,0,0,0,0,0,0,0
Calotis,non-endemic,0,0,0,0,0,0,0
Calycopeplus,endemic,1,0,0,0,0,0,0
Calyptochloa,endemic,0,0,0,0,0,0,0
Calytrix,endemic,0,0,0,0,0,2,0
Camonea,non-endemic,0,0,0,0,0,0,0
Campynema,endemic,0,0,0,0,0,0,0
Cardwellia,endemic,1,0,0,0,0,0,0
Carinavalva,endemic,0,0,0,0,0,0,0
Carmichaelia,non-endemic,0,0,0,0,0,0,0
Carnarvonia,endemic,1,0,0,0,0,0,0
Carpentaria,endemic,0,0,0,0,0,0,0
Carronia,non-endemic,0,0,0,0,0,0,0
Caryota,non-endemic,0,0,0,0,0,0,0
Cassia,non-endemic,2,0,0,0,0,0,0
Cassinia,non-endemic,0,0,0,0,0,0,0
Castanospora,endemic,1,0,0,0,0,0,0
Catacolea,endemic,0,0,0,0,0,0,0
Catalepidia,endemic,1,0,0,0,0,0,0
Caustis,endemic,0,0,0,0,0,0,0
Celmisia,non-endemic,0,0,0,0,0,0,0
Cenarrhenes,endemic,1,0,0,0,0,0,0
Centratherum,non-endemic,0,0,0,0,0,0,0
Centropappus,endemic,0,0,0,0,0,0,0
Cephalaralia,endemic,0,0,0,0,0,0,0
Cephalipterum,endemic,0,0,0,0,0,0,0
Cephalosorus,endemic,0,0,0,0,0,0,0
Cephalotus,endemic,0,0,0,0,1,0,0
Ceratogyne,endemic,0,0,0,0,0,0,0
Chaetanthus,endemic,0,0,0,0,0,0,0
Chamaeraphis,endemic,0,0,0,0,0,0,0
Chamaescilla,endemic,0,0,0,0,0,0,0
Chamaexeros,endemic,0,0,0,0,0,0,0
Chamelaucium,endemic,0,0,0,0,0,0,0
Cheilocostus,non-endemic,0,0,0,0,0,0,0
Cheiranthera,endemic,0,0,0,0,0,0,0
Chenopodium,non-endemic,0,0,0,0,0,0,0
Cheyniana,endemic,0,0,0,0,0,0,0
Chiloschista,non-endemic,0,0,0,0,0,0,0
Chingia,non-endemic,0,0,0,0,0,0,0
Chionochloa,non-endemic,0,0,0,0,0,0,0
Chlaenosciadium,endemic,0,0,0,0,0,0,0
Chloanthes,endemic,0,0,0,0,0,0,0
Chondropyxis,endemic,0,0,0,0,0,0,0
Chordifex,endemic,1,0,0,0,0,0,0
Choretrum,endemic,0,0,0,0,0,0,0
Chorilaena,endemic,0,0,0,0,0,0,0
Chorizema,endemic,0,0,0,1,0,0,0
Chrysitrix,non-endemic,0,0,0,0,0,0,0
Chrysocephalum,endemic,0,0,0,0,0,0,0
Chthonocephalus,endemic,0,0,0,0,0,0,0
Citronella,non-endemic,2,0,0,0,0,0,0
Citrus,non-endemic,4,0,0,0,0,0,0
Clausospicula,endemic,0,0,0,0,0,0,0
Clematicissus,non-endemic,0,0,0,0,0,0,0
Clitoria,non-endemic,0,0,0,0,0,0,0
Coatesia,endemic,0,0,0,0,0,0,0
Codariocalyx,non-endemic,0,0,0,0,0,0,0
Codonocarpus,endemic,1,0,0,0,1,0,0
Coix,non-endemic,0,0,0,0,0,0,0
Coleanthera,endemic,0,0,0,0,0,0,0
Coleocarya,endemic,0,0,0,0,0,0,0
Coleocoma,endemic,0,0,0,0,0,0,0
Colysis,non-endemic,0,0,0,0,0,0,0
Comesperma,endemic,0,0,0,0,0,0,0
Conospermum,endemic,16,0,6,2,16,2,0
Conostephium,endemic,0,0,0,0,0,0,0
Conostylis,endemic,0,0,0,0,0,0,0
Conothamnus,endemic,0,0,0,0,0,0,0
Convolvulus,non-endemic,0,0,0,0,0,0,0
Cooktownia,endemic,0,0,0,0,0,0,0
Coopernookia,endemic,0,0,0,0,0,0,0
Corokia,non-endemic,0,0,0,0,0,0,0
Coronidium,endemic,0,0,0,0,0,0,0
Correa,endemic,0,0,0,0,0,0,0
Corsia,non-endemic,0,0,0,0,0,0,0
Corynanthera,endemic,0,0,0,0,0,0,0
Corynotheca,endemic,0,0,0,0,0,0,0
Cosmelia,endemic,0,0,0,0,0,0,0
Cossinia,non-endemic,0,0,0,0,0,0,0
Craspedia,non-endemic,0,0,0,0,0,0,0
Cratystylis,endemic,0,0,0,0,0,0,0
Cremnothamnus,endemic,0,0,0,0,0,0,0
Crenidium,endemic,0,0,0,0,0,0,0
Cressa,non-endemic,1,0,0,0,0,0,0
Crispiloba,endemic,0,0,0,0,0,0,0
Cristonia,endemic,0,0,0,0,0,0,0
Croninia,endemic,0,0,0,0,0,0,0
Crosslandia,endemic,0,0,0,0,0,0,0
Crowea,endemic,0,0,0,0,0,0,0
Cryptandra,endemic,0,0,0,0,0,0,0
Ctenopteris,non-endemic,0,0,0,0,0,0,0
Cuphonotus,endemic,0,0,0,0,0,0,0
Curculigo,non-endemic,0,0,0,0,0,0,0
Cuttsia,endemic,0,0,0,0,0,0,0
Cyanicula,endemic,0,0,0,0,0,0,0
Cyanostegia,endemic,0,0,0,0,0,0,0
Cyathochaeta,endemic,1,0,0,0,0,0,0
Cyathodes,endemic,0,0,0,0,0,0,0
Cyathostemon,endemic,0,0,0,0,0,0,0
Cymbidium,non-endemic,0,0,0,0,0,0,0
Cymbonotus,endemic,0,0,0,0,0,0,0
Cynodon,non-endemic,1,0,0,0,0,0,0
Cyphanthera,endemic,0,0,0,0,0,0,0
Cypselocarpus,endemic,0,0,0,0,0,0,0
Cyrtandra,non-endemic,0,0,0,0,0,0,0
Cyrtostylis,non-endemic,0,0,0,0,0,0,0
Cytogonidium,endemic,0,0,0,0,0,0,0
Dactyliophora,non-endemic,0,0,0,0,0,0,0
Dactyloctenium,non-endemic,0,0,0,0,0,0,0
Dallwatsonia,endemic,0,0,0,0,0,0,0
Damasonium,non-endemic,0,0,0,0,0,0,0
Dampiera,endemic,0,0,0,0,0,0,0
Dansiea,endemic,0,0,0,0,0,0,0
Daphnandra,endemic,3,0,0,0,0,0,0
Darlingia,endemic,2,0,0,0,0,0,0
Darwinia,endemic,0,0,0,0,0,0,0
Dasymalla,endemic,0,0,0,0,0,0,0
Dasypogon,endemic,0,0,0,0,0,0,0
Davidsonia,endemic,1,0,0,0,0,0,0
Daviesia,endemic,5,0,0,2,0,0,0
Debregeasia,non-endemic,0,0,0,0,0,0,0
Decaschistia,non-endemic,0,0,0,0,0,0,0
Decazesia,endemic,0,0,0,0,0,0,0
Delarbrea,non-endemic,0,0,0,0,0,0,0
Demorchis,endemic,0,0,0,0,0,0,0
Dendroconche,endemic,0,0,0,0,0,0,0
Denhamia,non-endemic,7,0,0,0,0,0,0
Dennstaedtia,non-endemic,0,0,0,0,0,0,0
Desmocladus,endemic,0,0,0,0,1,0,0
Desmodiopsis,endemic,0,0,0,0,0,0,0
Desmos,non-endemic,0,0,0,0,0,0,0
Diaspasis,endemic,0,0,0,0,0,0,0
Dicarpidium,endemic,0,0,0,0,0,0,0
Dichopogon,endemic,0,0,0,0,0,0,0
Dichosciadium,endemic,0,0,0,0,0,0,0
Dichromochlamys,endemic,0,0,0,0,0,0,0
Dicksonia,non-endemic,0,0,0,0,0,0,0
Dicladanthera,endemic,0,0,0,0,0,0,0
Dicrastylis,endemic,0,0,0,0,0,0,0
Didymanthus,endemic,0,0,0,0,0,0,0
Dielitzia,endemic,0,0,0,0,0,0,0
Dielsia,endemic,0,0,0,0,0,0,0
Dielsiodoxa,endemic,0,0,0,0,0,0,0
Dienia,non-endemic,0,0,0,0,0,0,0
Dietes,non-endemic,0,0,0,0,0,0,0
Dillwynia,endemic,1,0,0,1,0,0,0
Dimocarpus,non-endemic,0,0,0,0,0,0,0
Dimorphocoma,endemic,0,0,0,0,0,0,0
Dinghoua,endemic,0,0,0,0,0,0,0
Dinosperma,endemic,0,0,0,0,0,0,0
Diocirea,endemic,0,0,0,0,0,0,0
Diodontium,endemic,0,0,0,0,0,0,0
Diplarrena,endemic,0,0,0,0,0,0,0
Diplaspis,endemic,0,0,0,0,0,0,0
Diplatia,endemic,0,0,0,0,0,0,0
Diplocaulobium,non-endemic,0,0,0,0,0,0,0
Diplolaena,endemic,0,0,0,0,0,0,0
Diplopeltis,endemic,0,0,0,0,0,0,0
Dipteracanthus,non-endemic,0,0,0,0,0,0,0
Discaria,non-endemic,0,0,0,0,0,0,0
Diselma,endemic,1,0,0,0,0,0,0
Disphyma,non-endemic,0,0,0,0,0,0,0
Dissiliaria,endemic,1,0,0,0,0,0,0
Dissocarpus,endemic,0,0,0,0,0,0,0
Distichlis,non-endemic,0,0,0,0,0,0,0
Dithyrostegia,endemic,0,0,0,0,0,0,0
Diuris,non-endemic,0,2,1,0,0,0,0
Dockrillia,non-endemic,0,0,0,0,0,0,0
Doryanthes,endemic,0,0,0,0,0,0,0
Doryphora,endemic,2,0,0,0,0,0,0
Drabastrum,endemic,0,0,0,0,0,0,0
Dracophyllum,non-endemic,0,0,0,0,0,0,0
Drakaea,endemic,0,0,0,0,0,0,0
Drummondita,endemic,0,0,0,0,0,0,0
Dryadodaphne,non-endemic,1,0,0,0,0,0,0
Drymoanthus,non-endemic,0,0,0,0,0,0,0
Drymophila,endemic,0,0,0,0,0,0,0
Dryopoa,endemic,0,0,0,0,0,0,0
Dubouzetia,non-endemic,0,0,0,0,0,0,0
Duma,endemic,0,0,0,0,0,0,0
Duperreya,endemic,0,0,0,0,0,0,0
Durringtonia,endemic,0,0,0,0,0,0,0
Ecdeiocolea,endemic,0,0,0,0,0,0,0
Echinostephia,endemic,0,0,0,0,0,0,0
Eidothea,endemic,0,1,0,0,0,0,0
Elachanthus,endemic,0,0,0,0,0,0,0
Elacholoma,endemic,0,0,0,0,0,0,0
Elattostachys,non-endemic,3,0,0,0,0,0,0
Elythranthera,endemic,0,0,0,0,0,0,0
Embadium,endemic,0,0,0,0,0,0,0
Emblingia,endemic,0,0,0,0,0,0,0
Enekbatus,endemic,0,0,0,0,0,0,0
Enydra,non-endemic,0,0,0,0,0,0,0
Epacris,non-endemic,1,0,0,0,0,0,0
Epiblema,endemic,0,0,0,0,0,0,0
Epitriche,endemic,0,0,0,0,0,0,0
Eremaea,endemic,0,0,0,0,0,0,0
Eremophea,endemic,0,0,0,0,0,0,0
Eremophila,non-endemic,8,0,0,0,0,0,0
Eremosyne,endemic,0,0,0,0,0,0,0
Eria,non-endemic,0,0,0,0,0,0,0
Erichsenia,endemic,0,0,0,0,0,0,0
Ericksonella,endemic,0,0,0,0,0,0,0
Ericomyrtus,endemic,0,0,0,0,0,0,0
Erigeron,non-endemic,0,0,0,0,0,0,0
Eriochilus,endemic,0,0,0,0,0,0,0
Eriochiton,endemic,0,0,0,0,0,0,0
Eriochlamys,endemic,0,0,0,0,0,0,0
Eriostemon,endemic,0,0,0,0,0,0,0
Erodiophyllum,endemic,0,0,0,0,0,0,0
Erodium,non-endemic,0,0,0,0,0,0,0
Erymophyllum,endemic,0,0,0,0,0,0,0
Erythrophleum,non-endemic,0,0,0,0,0,0,0
Erythrorchis,non-endemic,0,0,0,0,0,0,0
Erythroxylum,non-endemic,1,0,0,0,0,0,0
Eschenbachia,non-endemic,0,0,0,0,0,0,0
Ethuliopsis,endemic,0,0,0,0,0,0,0
Etlingera,non-endemic,0,0,0,0,0,0,0
Euchilopsis,endemic,0,0,0,0,0,0,0
Eucosia,non-endemic,0,0,0,0,0,0,0
Eucryphia,non-endemic,2,0,0,0,0,0,0
Eumachia,non-endemic,0,0,0,0,0,0,0
Euodia,non-endemic,0,0,0,0,0,0,0
Euphrasia,non-endemic,0,0,0,0,0,0,0
Eurychorda,endemic,0,0,0,0,0,0,0
Euryomyrtus,endemic,0,0,0,0,0,0,0
Eutaxia,endemic,0,0,0,0,0,0,0
Evandra,endemic,0,0,0,0,0,0,0
Everistia,endemic,1,0,0,0,0,0,0
Ewartia,endemic,0,0,0,0,0,0,0
Exocarya,non-endemic,0,0,0,0,0,0,0
Falcataria,non-endemic,1,0,0,0,0,0,0
Feldstonia,endemic,0,0,0,0,0,0,0
Fieldia,endemic,0,0,0,0,0,0,0
Fitzwillia,endemic,0,0,0,0,0,0,0
Flacourtia,non-endemic,0,0,0,0,0,0,0
Flickingeria,non-endemic,0,0,0,0,0,0,0
Floydia,endemic,0,0,0,0,0,0,0
Fontainea,non-endemic,0,0,0,0,0,0,0
Forstera,non-endemic,0,0,0,0,0,0,0
Franciscodendron,endemic,0,0,0,0,0,0,0
Frankenia,non-endemic,0,0,0,0,0,0,0
Franklandia,endemic,1,0,1,0,0,0,0
Galbulimima,non-endemic,0,0,0,0,0,0,0
Gardenia,non-endemic,3,0,0,0,0,0,0
Gastrolobium,endemic,2,0,1,1,0,0,0
Geleznowia,endemic,0,0,0,0,0,0,0
Genoplesium,non-endemic,0,1,1,0,0,0,0
Gentiana,non-endemic,0,0,0,0,0,0,0
Gentianella,non-endemic,0,0,0,0,0,0,0
Geococcus,endemic,0,0,0,0,0,0,0
Georgeantha,endemic,0,0,0,0,0,0,0
Geosiris,non-endemic,0,0,0,0,0,0,0
Gilberta,endemic,0,0,0,0,0,0,0
Gilesia,endemic,0,0,0,0,0,0,0
Gilruthia,endemic,0,0,0,0,0,0,0
Gingidia,non-endemic,0,0,0,0,0,0,0
Glischrocaryon,endemic,0,0,0,0,0,0,0
Glossodia,endemic,0,0,0,0,0,0,0
Glyceria,non-endemic,3,0,0,0,0,0,0
Glycocystis,endemic,0,0,0,0,0,0,0
Glycyrrhiza,non-endemic,0,0,0,0,0,0,0
Gnaphalium,non-endemic,0,0,0,0,0,0,0
Gnephosis,endemic,0,0,0,0,0,0,0
Gomphrena,non-endemic,0,0,0,0,0,0,0
Goniothalamus,non-endemic,0,0,0,0,0,0,0
Goodia,endemic,0,0,0,0,0,0,0
Gossypium,non-endemic,0,0,0,0,0,0,0
Grammitis,non-endemic,0,0,0,0,0,0,0
Grammosolen,endemic,0,0,0,0,0,0,0
Granitites,endemic,0,0,0,0,0,0,0
Grastidium,non-endemic,0,0,0,0,0,0,0
Gratwickia,endemic,0,0,0,0,0,0,0
Guichenotia,endemic,0,0,0,0,0,0,0
Guilfoylia,endemic,1,0,0,0,0,0,0
Gunnera,non-endemic,0,0,0,0,0,0,0
Gunnessia,endemic,0,0,0,0,0,0,0
Gunniopsis,endemic,0,0,0,0,0,0,0
Gymnoschoenus,endemic,0,0,0,0,0,0,0
Gymnostachys,endemic,0,0,0,0,0,0,0
Gymnostoma,non-endemic,0,0,0,0,0,0,0
Gynatrix,endemic,0,0,0,0,0,0,0
Gynura,non-endemic,0,0,0,0,0,0,0
Gyrostemon,endemic,0,0,0,0,0,0,0
Hackelia,non-endemic,0,0,0,0,0,0,0
Haeckeria,endemic,0,0,0,0,0,0,0
Haegiela,endemic,0,0,0,0,0,0,0
Hakea,non-endemic,66,3,27,8,38,9,0
Haloragis,non-endemic,0,0,0,0,0,0,0
Haloragodendron,endemic,0,0,0,0,0,0,0
Hannafordia,endemic,0,0,0,0,0,0,0
Haptotrichion,endemic,0,0,0,0,0,0,0
Harmogia,endemic,0,0,0,0,0,0,0
Harmsiodoxa,endemic,0,0,0,0,0,0,0
Harnieria,non-endemic,0,0,0,0,0,0,0
Hedraianthera,endemic,0,0,0,0,0,0,0
Hedycarya,non-endemic,1,0,0,0,0,0,0
Hedyscepe,endemic,0,0,0,0,1,0,0
Helichrysum,non-endemic,0,0,0,0,0,0,0
Helipterum,endemic,0,0,0,0,0,0,0
Helmholtzia,non-endemic,0,0,0,0,0,0,0
Hemarthria,non-endemic,0,0,0,0,0,0,0
Hemiandra,endemic,0,0,0,0,0,0,0
Hemichroa,endemic,0,0,0,0,0,0,0
Hemigenia,endemic,0,0,0,0,0,0,0
Hemiphora,endemic,0,0,0,0,0,0,0
Hemmantia,endemic,0,0,0,0,0,0,0
Hensmania,endemic,0,0,0,0,0,0,0
Heterachne,endemic,0,0,0,0,0,0,0
Heterozostera,non-endemic,0,0,0,0,0,0,0
Hexaspora,endemic,0,0,0,0,0,0,0
Hicksbeachia,endemic,0,0,0,0,0,1,0
Hildegardia,non-endemic,0,0,0,0,0,0,0
Hippocratea,non-endemic,0,0,0,0,0,0,0
Hodgkinsonia,endemic,1,0,0,0,0,0,0
Hodgsoniola,endemic,0,0,0,0,0,0,0
Holcolemma,non-endemic,0,0,0,0,0,0,0
Hollandaea,endemic,0,0,2,0,0,0,0
Homalium,non-endemic,1,0,0,0,0,0,0
Homalocalyx,endemic,0,0,0,0,0,0,0
Homalosciadium,endemic,0,0,0,0,0,0,0
Homalospermum,endemic,0,0,0,0,0,0,0
Homopholis,endemic,0,0,0,0,0,0,0
Homoranthus,endemic,0,0,0,0,0,0,0
Hookerochloa,endemic,0,0,0,0,0,0,0
Hopkinsia,endemic,0,0,0,0,0,0,0
Horsfieldia,non-endemic,0,0,0,0,0,0,0
Hovea,endemic,1,0,0,0,0,0,0
Howea,non-endemic,0,0,0,0,2,0,0
Howittia,endemic,0,0,0,0,0,0,0
Hullsia,endemic,0,0,0,0,0,0,0
Huxleya,endemic,0,0,0,0,0,0,0
Hyalochlamys,endemic,0,0,0,0,0,0,0
Hyalosperma,endemic,0,0,0,0,0,0,0
Hybanthus,non-endemic,0,0,0,0,0,0,0
Hygrochloa,endemic,0,0,0,0,0,0,0
Hygrophila,non-endemic,0,0,0,0,0,0,0
Hylandia,endemic,0,0,0,0,0,0,0
Hymenachne,non-endemic,0,0,0,0,0,0,0
Hypocalymma,endemic,1,0,0,0,0,0,0
Hypolaena,endemic,0,0,0,0,0,0,0
Hypsophila,endemic,0,0,0,0,0,0,0
Hysterobaeckea,endemic,0,0,0,0,0,0,0
Idiospermum,endemic,0,0,0,0,0,0,0
Illigera,non-endemic,0,0,0,0,0,0,0
Indagator,endemic,0,0,0,0,0,0,0
Iotasperma,endemic,0,0,0,0,0,0,0
Irenepharsus,endemic,0,0,0,0,0,0,0
Irvingbaileya,endemic,0,0,0,0,0,0,0
Iseilema,non-endemic,1,0,0,0,0,0,0
Isoetopsis,endemic,0,0,0,0,0,0,0
Isoglossa,non-endemic,0,0,0,0,0,0,0
Isophysis,endemic,0,0,0,0,0,0,0
Isopogon,endemic,8,3,7,6,11,1,0
Isotropis,endemic,1,0,0,0,0,0,0
Ixiochlamys,endemic,0,0,0,0,0,0,0
Ixiolaena,endemic,0,0,0,0,0,0,0
Ixodia,endemic,0,0,0,0,0,0,0
Jacksonia,endemic,3,0,2,0,1,0,0
Jedda,endemic,0,0,0,0,0,0,0
Johnsonia,endemic,0,0,0,0,0,0,0
Kalanchoe,non-endemic,0,0,0,0,0,0,0
Kardomia,endemic,0,0,0,0,0,0,0
Karrabina,endemic,2,0,0,0,0,0,0
Kelita,endemic,0,0,0,0,0,0,0
Kennedia,endemic,0,1,0,0,0,0,0
Kingia,endemic,0,0,0,0,0,0,0
Kippistia,endemic,0,0,0,0,0,0,0
Koeleria,non-endemic,0,0,0,0,0,0,0
Kohautia,non-endemic,0,0,0,0,0,0,0
Kuntheria,endemic,0,0,0,0,0,0,0
Labichea,endemic,1,0,0,1,0,0,0
Laccospadix,endemic,1,0,0,0,0,0,0
Lachnostachys,endemic,0,0,0,0,0,0,0
Lagarostrobos,endemic,1,0,0,0,0,0,0
Lagunaria,non-endemic,1,0,0,0,0,0,0
Lamarchea,endemic,0,0,0,0,0,0,0
Lambertia,endemic,1,1,2,0,2,0,0
Lamprolobium,endemic,0,0,1,0,0,0,0
Landoltia,non-endemic,1,0,0,0,0,0,0
Larsenaikia,endemic,1,0,0,0,0,0,0
Lasiopetalum,endemic,0,0,0,0,0,0,0
Lasjia,non-endemic,0,0,2,0,0,0,0
Latrobea,endemic,0,0,0,0,0,0,0
Lawrencella,endemic,0,0,0,0,0,0,0
Lawrencia,endemic,0,0,0,0,0,0,0
Laxmannia,endemic,0,0,0,0,0,0,0
Legnephora,non-endemic,0,0,0,0,0,0,0
Leiocarpa,endemic,0,0,0,0,0,0,0
Leionema,non-endemic,0,0,0,0,0,0,0
Lemooria,endemic,0,0,0,0,0,0,0
Lenbrassia,endemic,0,0,0,0,0,0,0
Lenwebbia,endemic,0,0,0,0,0,0,0
Lepiderema,non-endemic,0,0,0,0,0,0,0
Lepidobolus,endemic,0,0,0,0,0,0,0
Lepidorrhachis,endemic,0,0,0,0,0,0,0
Lepidozamia,endemic,2,0,0,0,0,0,0
Lepistemon,non-endemic,0,0,0,0,0,0,0
Leporella,endemic,0,0,0,0,0,0,0
Leptocarpus,endemic,0,0,0,0,0,0,0
Leptoceras,endemic,0,0,0,0,0,0,0
Leptochloa,non-endemic,1,0,0,0,0,0,0
Leptomeria,endemic,0,0,0,0,0,0,0
Leptopteris,non-endemic,0,0,0,0,0,0,0
Leptorhynchos,endemic,0,0,0,0,0,0,0
Leptosema,endemic,1,0,0,0,0,0,0
Leptostigma,non-endemic,0,0,0,0,0,0,0
Lepyrodia,endemic,0,0,0,0,0,0,0
Lethedon,non-endemic,0,0,0,0,0,0,0
Leucochrysum,endemic,0,0,0,0,0,0,0
Leucophyta,endemic,0,0,0,0,0,0,0
Levenhookia,endemic,0,0,0,0,0,0,0
Lilaeopsis,non-endemic,0,0,0,0,0,0,0
Limonium,non-endemic,0,0,0,0,0,0,0
Lindernia,non-endemic,0,0,0,0,0,0,0
Linospadix,non-endemic,2,0,0,1,0,0,1
Linum,non-endemic,0,0,0,0,0,0,0
Lissanthe,endemic,0,0,0,0,0,0,0
Logania,non-endemic,0,0,0,0,0,0,0
Lomatia,non-endemic,8,0,0,0,0,0,0
Lophopetalum,non-endemic,0,0,0,0,0,0,0
Lordhowea,endemic,0,0,0,0,0,0,0
Loxocarya,endemic,0,0,0,0,0,0,0
Luisia,non-endemic,0,0,0,0,0,0,0
Lycium,non-endemic,0,0,0,0,0,0,0
Lycopus,non-endemic,0,0,0,0,0,0,0
Lyginia,endemic,0,0,0,0,0,0,0
Lyperanthus,endemic,0,0,0,0,0,0,0
Lysiana,endemic,0,0,0,0,0,0,0
Lysicarpus,endemic,0,0,0,0,0,0,0
Lysinema,endemic,0,0,0,0,0,0,0
Lysiosepalum,endemic,0,0,0,0,0,0,0
Macarthuria,endemic,0,0,0,0,0,0,0
Macgregoria,endemic,0,0,0,0,0,0,0
Macropidia,endemic,0,0,0,0,0,0,0
Macropteranthes,endemic,0,0,0,0,0,0,0
Macrozamia,endemic,18,1,9,6,7,0,0
Malaccotristicha,endemic,0,0,0,0,0,0,0
Malacocera,endemic,0,0,0,0,0,0,0
Malleostemon,endemic,0,0,0,0,0,0,0
Malva,non-endemic,0,0,0,0,0,0,0
Malvastrum,non-endemic,0,0,0,0,0,0,0
Marianthus,endemic,0,0,0,0,0,0,0
Maundia,endemic,0,0,0,0,0,0,0
Medinilla,non-endemic,0,0,0,0,0,0,0
Megahertzia,endemic,0,0,1,0,0,0,0
Meionectes,endemic,0,0,0,0,0,0,0
Melanostachya,endemic,0,0,0,0,0,0,0
Melichrus,endemic,0,0,0,0,0,0,0
Menkea,endemic,0,0,0,0,0,0,0
Mentha,non-endemic,1,0,0,0,0,0,0
Meryta,non-endemic,0,0,0,0,0,0,0
Mesomelaena,endemic,1,0,0,0,0,0,0
Mesua,non-endemic,0,0,0,0,0,0,0
Metrosideros,non-endemic,0,0,0,0,0,0,0
Micraira,endemic,1,0,0,0,0,0,0
Micrantheum,endemic,0,0,0,0,0,0,0
Microcachrys,endemic,1,0,0,0,0,0,0
Microcorys,endemic,0,0,0,0,0,0,0
Microcybe,endemic,0,0,0,0,0,0,0
Microlepidium,endemic,0,0,0,0,0,0,0
Micromyrtus,endemic,0,0,0,0,0,0,0
Milligania,endemic,0,0,0,0,0,0,0
Millotia,endemic,0,0,0,0,0,0,0
Minuria,endemic,0,0,0,0,0,0,0
Mirbelia,endemic,0,0,0,0,0,0,0
Mitrantia,endemic,0,0,0,0,0,0,0
Mitrella,non-endemic,0,0,0,0,0,0,0
Mobilabium,endemic,0,0,0,0,0,0,0
Monachather,endemic,0,0,0,0,0,0,0
Monoon,non-endemic,1,0,0,0,0,0,0
Monotaxis,endemic,0,0,0,0,0,0,0
Monotoca,endemic,0,0,0,0,0,0,0
Motherwellia,endemic,0,0,0,0,0,0,0
Muelleranthus,endemic,0,0,0,0,0,0,0
Muellerolimon,endemic,0,0,0,0,0,0,0
Muiriantha,endemic,0,0,0,0,0,0,0
Mullerochloa,endemic,0,0,0,0,0,0,0
Muniria,endemic,0,0,0,0,0,0,0
Musgravea,endemic,2,0,0,0,0,0,0
Myosurus,non-endemic,0,0,0,0,0,0,0
Myriocephalus,endemic,0,0,0,0,0,0,0
Nablonium,endemic,0,0,0,0,0,0,0
Needhamiella,endemic,0,0,0,0,0,0,0
Negria,endemic,0,0,0,0,0,0,0
Neisosperma,non-endemic,0,0,0,0,0,0,0
Nelsonia,non-endemic,0,0,0,0,0,0,0
Nematolepis,endemic,1,0,0,0,0,0,0
Neoastelia,endemic,0,0,0,0,0,0,0
Neobassia,endemic,0,0,0,0,0,0,0
Neobyrnesia,endemic,0,0,0,0,0,0,0
Neofabricia,endemic,1,0,0,0,0,0,0
Neorites,endemic,1,0,0,0,0,0,0
Neoroepera,endemic,1,0,0,0,0,0,0
Neosciadium,endemic,0,0,0,0,0,0,0
Neostrearia,endemic,0,0,0,0,0,0,0
Neurachne,endemic,1,0,0,0,0,0,0
Newcastelia,endemic,0,0,0,0,0,0,0
Niemeyera,non-endemic,0,0,0,0,0,0,0
Nitraria,non-endemic,0,0,0,0,0,0,0
Noahdendron,endemic,0,0,0,0,0,0,0
Nomismia,endemic,0,0,0,0,0,0,0
Normanbya,endemic,0,0,0,0,1,0,0
Notelaea,endemic,5,0,0,0,0,0,0
Nothoalsomitra,endemic,0,0,0,0,0,0,0
Nothofagus,non-endemic,0,0,0,1,2,0,0
Nothorites,endemic,0,0,1,0,0,0,0
Notisia,endemic,0,0,0,0,0,0,0
Notochloe,endemic,0,0,0,0,0,0,0
Nuytsia,endemic,0,0,0,0,0,0,0
Nyssanthes,endemic,0,0,0,0,0,0,0
Ochrosperma,endemic,0,0,0,0,0,0,0
Odixia,endemic,0,0,0,0,0,0,0
Oeceoclades,non-endemic,0,0,0,0,0,0,0
Olearia,non-endemic,0,0,0,0,0,0,0
Oligarrhena,endemic,0,0,0,0,0,0,0
Omegandra,endemic,0,0,0,0,0,0,0
Omphacomeria,endemic,0,0,0,0,0,0,0
Omphalolappula,endemic,0,0,0,0,0,0,0
Opercularia,endemic,0,0,0,0,0,0,0
Ophiorrhiza,non-endemic,0,0,0,0,0,0,0
Opisthiolepis,endemic,1,0,0,0,0,0,0
Oraniopsis,endemic,0,0,0,0,0,0,0
Oreomyrrhis,non-endemic,0,0,0,0,0,0,0
Orianthera,endemic,0,0,0,0,0,0,0
Orites,non-endemic,6,0,0,0,0,0,0
Ormosia,non-endemic,0,0,0,0,0,0,0
Ornduffia,endemic,0,0,0,0,0,0,0
Orthrosanthus,non-endemic,0,0,0,0,0,0,0
Oschatzia,endemic,0,0,0,0,0,0,0
Osteocarpum,endemic,0,0,0,0,0,0,0
Ostrearia,endemic,0,0,0,0,0,0,0
Ourisia,non-endemic,0,0,0,0,0,0,0
Owenia,endemic,0,0,0,0,0,0,0
Oxychloris,endemic,0,0,0,0,0,0,0
Oxylobium,endemic,0,0,0,0,0,0,0
Oxymyrrhine,endemic,0,0,0,0,0,0,0
Ozothamnus,non-endemic,0,0,0,0,0,0,0
Pachycladon,non-endemic,0,0,0,0,0,0,0
Pachymitus,endemic,0,0,0,0,0,0,0
Paenula,endemic,0,0,0,0,0,0,0
Palaquium,non-endemic,0,0,0,0,0,0,0
Paphia,non-endemic,0,0,0,0,0,0,0
Papillilabium,endemic,0,0,0,0,0,0,0
Papistylus,endemic,0,0,0,0,0,0,0
Pappochroma,endemic,0,0,0,0,0,0,0
Paraceterach,non-endemic,0,0,0,0,0,0,0
Paractaenum,endemic,0,0,0,0,0,0,0
Paragonis,endemic,0,0,0,0,0,0,0
Paragoodia,endemic,0,0,0,0,0,0,0
Paraneurachne,endemic,0,0,0,0,0,0,0
Parantennaria,endemic,0,0,0,0,0,0,0
Parapachygone,endemic,0,0,0,0,0,0,0
Patersonia,non-endemic,0,0,0,0,0,0,0
Pauridia,non-endemic,0,0,0,0,0,0,0
Pavetta,non-endemic,0,0,0,0,0,0,0
Pecteilis,non-endemic,0,0,0,0,0,0,0
Pedleya,endemic,0,0,0,0,0,0,0
Pembertonia,endemic,0,0,0,0,0,0,0
Pennantia,non-endemic,1,0,0,0,0,0,0
Pentaceras,endemic,1,0,0,0,0,0,0
Pentalepis,endemic,0,0,0,0,0,0,0
Pentapeltis,endemic,0,0,0,0,0,0,0
Pentapogon,non-endemic,0,0,0,0,0,0,0
Pentaptilon,endemic,0,0,0,0,0,0,0
Pericalymma,endemic,0,0,0,0,0,0,0
Peripentadenia,endemic,0,0,0,0,0,0,0
Peristeranthus,endemic,0,0,0,0,0,0,0
Peristrophe,non-endemic,0,0,0,0,0,0,0
Perrottetia,non-endemic,0,0,0,0,0,0,0
Persoonia,endemic,43,13,22,8,8,5,0
Petalostylis,endemic,1,0,0,0,0,0,0
Petermannia,endemic,0,0,0,0,0,0,0
Petraeomyrtus,endemic,0,0,0,0,0,0,0
Petrophile,endemic,0,0,0,0,0,0,0
Phalaenopsis,non-endemic,0,0,0,0,0,0,0
Phebalium,endemic,0,0,0,0,0,0,0
Pheladenia,endemic,0,0,0,0,0,0,0
Pherosphaera,endemic,0,1,0,1,0,0,0
Philotheca,endemic,0,0,0,0,0,0,0
Philydrella,endemic,0,0,0,0,0,0,0
Phlebocarya,endemic,0,0,0,0,0,0,0
Phlegmatospermum,endemic,0,0,0,0,0,0,0
Phoringopsis,non-endemic,0,0,0,0,0,0,0
Phyllangium,endemic,0,0,0,0,0,0,0
Phyllanthera,non-endemic,0,0,0,0,0,0,0
Phyllocladus,non-endemic,1,0,0,0,0,0,0
Phyllota,endemic,0,0,0,1,0,0,0
Phymatocarpus,endemic,0,0,0,0,0,0,0
Physopsis,endemic,0,0,0,0,0,0,0
Pilbara,endemic,0,0,0,0,0,0,0
Pileanthus,endemic,0,0,0,0,0,0,0
Pilostyles,non-endemic,0,0,0,0,0,0,0
Pitaviaster,endemic,1,0,0,0,0,0,0
Pithocarpa,endemic,0,0,0,0,0,0,0
Pityrodia,endemic,0,0,0,0,0,0,0
Placospermum,endemic,1,0,0,0,0,0,0
Plagiobothrys,non-endemic,0,0,0,0,0,0,0
Plagiocarpus,endemic,0,0,0,0,0,0,0
Planocarpa,endemic,0,0,0,0,0,0,0
Platychorda,endemic,0,0,0,0,0,0,0
Platylobium,endemic,0,0,1,0,0,0,0
Platysace,endemic,0,0,0,0,0,0,0
Platytheca,endemic,0,0,0,0,0,0,0
Platyzoma,endemic,0,0,0,0,0,0,0
Plectorrhiza,endemic,0,0,0,0,0,0,0
Pleioluma,non-endemic,0,0,0,0,0,0,0
Pleogyne,endemic,0,0,0,0,0,0,0
Pleurocarpaea,endemic,0,0,0,0,0,0,0
Plexaure,non-endemic,0,0,0,0,0,0,0
Plinthanthesis,endemic,0,0,0,0,0,0,0
Podolobium,endemic,1,0,0,0,0,0,0
Podotheca,endemic,0,0,0,0,0,0,0
Pogonolepis,endemic,0,0,0,0,0,0,0
Polianthion,endemic,0,0,0,0,0,0,0
Polyalthia,non-endemic,0,0,0,0,0,0,0
Polycalymma,endemic,0,0,0,0,0,0,0
Polyosma,non-endemic,2,0,0,0,0,0,0
Polypogon,non-endemic,2,0,0,0,0,0,0
Pomax,endemic,0,0,0,0,0,0,0
Pontederia,non-endemic,0,0,0,0,0,0,0
Posidonia,non-endemic,2,0,0,0,0,0,0
Potamophila,endemic,0,0,0,0,0,0,0
Potentilla,non-endemic,0,0,0,0,0,0,0
Praecoxanthus,endemic,0,0,0,0,0,0,0
Prasophyllum,non-endemic,2,3,0,0,0,0,0
Prionotes,endemic,0,0,0,0,0,0,0
Prostanthera,endemic,0,0,0,0,0,0,0
Prumnopitys,non-endemic,0,0,0,0,1,0,0
Psammagrostis,endemic,0,0,0,0,0,0,0
Psammomoya,endemic,0,0,0,0,0,0,0
Pseudanthus,endemic,0,0,0,0,0,0,0
Pseudochaetochloa,endemic,0,0,0,0,0,0,0
Pseudopanax,non-endemic,0,0,0,0,0,0,0
Pseudoweinmannia,endemic,1,0,0,0,0,0,0
Pseuduvaria,non-endemic,0,0,0,0,0,0,0
Psychrophila,non-endemic,0,0,0,0,0,0,0
Pterochaeta,endemic,0,0,0,0,0,0,0
Pterygopappus,endemic,0,0,0,0,0,0,0
Ptilothrix,endemic,0,0,0,0,0,0,0
Ptychosema,endemic,0,0,0,0,0,0,0
Pullea,non-endemic,1,0,0,0,0,0,0
Pycnosorus,endemic,0,0,0,0,0,0,0
Pyrorchis,endemic,0,0,0,0,0,0,0
Quinetia,endemic,0,0,0,0,0,0,0
Quinqueremulus,endemic,0,0,0,0,0,0,0
Quintinia,non-endemic,2,0,0,0,0,0,0
Quisqualis,non-endemic,0,0,0,0,0,0,0
Quoya,endemic,0,0,0,0,0,0,0
Radyera,non-endemic,0,0,0,0,0,0,0
Randia,non-endemic,0,0,0,0,0,0,0
Reedia,endemic,0,0,0,0,0,0,0
Regelia,endemic,0,0,0,0,0,0,0
Rhadinothamnus,endemic,0,0,0,0,0,0,0
Rhagodia,endemic,0,0,0,0,0,0,0
Rhaphidospora,non-endemic,0,0,0,0,0,0,0
Rhaponticum,non-endemic,0,0,0,0,0,0,0
Rhetinocarpha,endemic,0,0,0,0,0,0,0
Rhinerrhiza,endemic,0,0,0,0,0,0,0
Rhinerrhizopsis,non-endemic,1,0,0,0,0,0,0
Rhipidorchis,non-endemic,0,0,0,0,0,0,0
Rhizanthella,endemic,0,2,0,0,0,0,0
Rhodanthe,endemic,1,0,0,0,0,0,0
Rhododendron,non-endemic,0,0,0,0,0,0,0
Rhodosphaera,endemic,0,0,0,0,0,0,0
Rhytidosporum,endemic,0,0,0,0,0,0,0
Richea,endemic,0,0,0,0,0,0,0
Ricinocarpos,endemic,0,0,0,0,0,0,0
Rimacola,endemic,0,0,0,0,0,0,0
Rinzia,endemic,0,0,0,0,0,0,0
Ristantia,endemic,0,0,0,0,0,0,0
Rockinghamia,endemic,1,0,0,0,0,0,0
Roebuckiella,endemic,0,0,0,0,0,0,0
Roepera,non-endemic,0,0,0,0,0,0,0
Romnalda,non-endemic,0,0,0,0,0,0,0
Rourea,non-endemic,0,0,0,0,0,0,0
Roycea,endemic,0,0,0,0,0,0,0
Rumicastrum,endemic,0,0,0,0,0,0,0
Rutidosis,endemic,0,0,0,0,0,0,0
Ryparosa,non-endemic,0,0,0,0,0,0,0
Ryticaryum,non-endemic,1,0,0,0,0,0,0
Sagina,non-endemic,0,0,0,0,0,0,0
Samadera,non-endemic,0,0,0,0,0,0,0
Sambucus,non-endemic,0,0,0,0,0,0,0
Sankowskya,endemic,0,0,0,0,0,0,0
Sannantha,non-endemic,1,0,0,0,0,0,0
Sarcopteryx,non-endemic,2,0,0,0,0,0,0
Sarcotoechia,non-endemic,0,0,0,0,0,0,0
Sarcozona,endemic,0,0,0,0,0,0,0
Saurauia,non-endemic,0,0,0,0,0,0,0
Saxipoa,endemic,0,0,0,0,0,0,0
Scambopus,endemic,0,0,0,0,0,0,0
Schenkia,non-endemic,0,0,0,0,0,0,0
Schistocarpaea,endemic,0,0,0,0,0,0,0
Schistotylus,endemic,0,0,0,0,0,0,0
Schizacme,non-endemic,0,0,0,0,0,0,0
Schizomeria,non-endemic,1,0,0,0,0,0,0
Schoenia,endemic,0,0,0,0,0,0,0
Schoenolaena,endemic,0,0,0,0,0,0,0
Scholtzia,endemic,0,0,0,0,0,0,0
Scleroblitum,endemic,0,0,0,0,0,0,0
Scleroglossum,non-endemic,0,0,0,0,0,0,0
Scolopia,non-endemic,1,0,0,0,0,0,0
Scutellaria,non-endemic,0,0,0,0,0,0,0
Sedopsis,endemic,0,0,0,0,0,0,0
Selliera,non-endemic,0,0,0,0,0,0,0
Selliguea,non-endemic,0,0,0,0,0,0,0
Seorsus,endemic,0,0,0,0,0,0,0
Serichonus,endemic,0,0,0,0,0,0,0
Seringia,endemic,0,0,0,0,0,0,0
Serjania,non-endemic,0,0,0,0,0,0,0
Sersalisia,non-endemic,0,0,0,0,0,0,0
Shonia,endemic,0,0,0,0,0,0,0
Siegfriedia,endemic,0,0,0,0,0,0,0
Siloxerus,endemic,0,0,0,0,0,0,0
Siphonodon,non-endemic,0,0,0,0,0,0,0
Sloanea,non-endemic,2,0,0,0,0,0,0
Solenogyne,non-endemic,0,0,0,0,0,0,0
Solori,non-endemic,0,0,0,0,0,0,0
Sondottia,endemic,0,0,0,0,0,0,0
Sowerbaea,endemic,0,0,0,0,0,0,0
Spartochloa,endemic,0,0,0,0,0,0,0
Spathia,endemic,0,0,0,0,0,0,0
Sphaerantia,endemic,0,0,0,0,0,0,0
Sphaerolobium,endemic,1,0,0,1,1,0,0
Sphalmium,endemic,1,0,0,0,0,0,0
Sphenotoma,endemic,0,0,0,0,0,0,0
Spiculaea,endemic,0,0,0,0,0,0,0
Spiraeanthemum,non-endemic,0,0,0,0,0,0,0
Spirogardnera,endemic,0,0,0,0,0,0,0
Sporadanthus,non-endemic,0,0,0,0,0,0,0
Spyridium,endemic,0,0,0,0,0,0,0
Stachystemon,endemic,0,0,0,0,0,0,0
Stawellia,endemic,0,0,0,0,0,0,0
Stenanthemum,endemic,0,0,0,0,0,0,0
Stenanthera,endemic,0,0,0,0,0,0,0
Stenopetalum,endemic,0,0,0,0,0,0,0
Stenostegia,endemic,0,0,0,0,0,0,0
Stigmatodactylus,non-endemic,0,0,0,0,0,0,0
Stirlingia,endemic,3,0,2,1,0,1,0
Stockwellia,endemic,0,0,0,0,0,0,0
Stonesiella,endemic,0,0,0,0,0,0,0
Storckiella,non-endemic,0,0,0,0,0,0,0
Strangea,endemic,1,0,0,0,1,0,0
Streptoglossa,endemic,0,0,0,0,0,0,0
Streptothamnus,endemic,0,0,0,0,0,0,0
Stuartina,endemic,0,0,0,0,0,0,0
Stylobasium,endemic,0,0,0,0,0,0,0
Stypandra,endemic,0,0,0,0,0,0,0
Styphelia,non-endemic,0,0,0,0,0,0,0
Suaeda,non-endemic,0,0,0,0,0,0,0
Surreya,endemic,0,0,0,0,0,0,0
Swainsona,endemic,1,0,1,0,1,0,0
Sylvipoa,endemic,0,0,0,0,0,0,0
Symonanthus,endemic,0,0,0,0,0,0,0
Symphionema,endemic,2,0,0,0,0,0,0
Synaphea,endemic,20,4,15,7,5,3,0
Synaptantha,endemic,0,0,0,0,0,0,0
Tapeinosperma,non-endemic,1,0,0,0,0,0,0
Tapheocarpa,endemic,0,0,0,0,0,0,0
Taplinia,endemic,0,0,0,0,0,0,0
Taraxacum,non-endemic,0,0,0,0,0,0,0
Taraxis,endemic,0,0,0,0,0,0,0
Taxandria,non-endemic,0,0,0,0,0,0,0
Tecomanthe,non-endemic,0,0,0,0,0,0,0
Telopea,non-endemic,4,0,0,0,0,0,0
Templetonia,endemic,1,0,0,0,0,0,0
Teratophyllum,non-endemic,0,0,0,0,0,0,0
Tersonia,endemic,0,0,0,0,0,0,0
Tetracarpaea,endemic,0,0,0,0,0,0,0
Tetramolopium,non-endemic,0,0,0,0,0,0,0
Tetrapora,endemic,0,0,0,0,0,0,0
Tetrardisia,non-endemic,0,0,0,0,0,0,0
Tetrarrhena,endemic,0,0,0,0,0,0,0
Tetrastigma,non-endemic,0,0,0,0,0,0,0
Tetratheca,endemic,0,0,0,0,0,0,0
Thaleropia,non-endemic,0,0,0,0,0,0,0
Thedachloa,endemic,0,0,0,0,0,0,0
Thelepogon,non-endemic,0,0,0,0,0,0,0
Thelionema,endemic,0,0,0,0,0,0,0
Thesium,non-endemic,0,0,0,0,0,0,0
Thespidium,endemic,0,0,0,0,0,0,0
Thinicola,endemic,0,0,0,0,0,0,0
Thiseltonia,endemic,0,0,0,0,0,0,0
Thomasia,endemic,0,0,0,0,0,0,0
Thoracostachyum,non-endemic,0,0,0,0,0,0,0
Threlkeldia,endemic,0,0,0,0,0,0,0
Thryptomene,endemic,0,0,0,0,0,0,0
Thunbergia,non-endemic,0,0,0,0,0,0,0
Thynninorchis,endemic,0,0,0,0,0,0,0
Thyridolepis,endemic,0,0,0,0,0,0,0
Tietkensia,endemic,0,0,0,0,0,0,0
Tiliacora,non-endemic,0,0,0,0,0,0,0
Tinospora,non-endemic,0,0,0,0,0,0,0
Townsonia,non-endemic,0,0,0,0,0,0,0
Trachoma,non-endemic,0,0,0,0,0,0,0
Trachystylis,endemic,0,0,0,0,0,0,0
Tragia,non-endemic,0,0,0,0,0,0,0
Tremandra,endemic,0,0,0,0,0,0,0
Tremulina,endemic,0,0,0,0,0,0,0
Trianthema,non-endemic,0,0,0,0,0,0,0
Tribonanthes,endemic,0,0,0,0,0,0,0
Tribulopis,endemic,0,0,0,0,0,0,0
Trichanthodium,endemic,0,0,0,0,0,0,0
Trichocline,non-endemic,0,0,0,0,0,0,0
Trichoglottis,non-endemic,0,0,0,0,0,0,0
Trigastrotheca,non-endemic,0,0,0,0,0,0,0
Trigonella,non-endemic,0,0,0,0,0,0,0
Trigonostemon,non-endemic,0,0,0,0,0,0,0
Trihaloragis,endemic,0,0,0,0,0,0,0
Trimenia,non-endemic,0,0,0,0,0,0,0
Triodia,endemic,2,0,0,0,0,0,0
Trioncinia,endemic,0,0,0,0,0,0,0
Tripladenia,endemic,0,0,0,0,0,0,0
Triplarina,endemic,0,0,0,0,0,0,0
Tripterococcus,endemic,0,0,0,0,0,0,0
Triptilodiscus,endemic,0,0,0,0,0,0,0
Tristania,endemic,1,0,0,0,0,0,0
Tristaniopsis,non-endemic,1,0,0,0,0,0,0
Trithuria,non-endemic,1,0,0,0,0,0,0
Triunia,endemic,3,0,1,0,0,0,0
Trymalium,endemic,0,0,0,1,0,0,0
Tyrbastes,endemic,0,0,0,0,0,0,0
Ungeria,endemic,0,0,0,0,0,0,0
Uranthoecium,endemic,0,0,0,0,0,0,0
Urodon,endemic,0,0,0,0,0,0,0
Uromyrtus,non-endemic,0,0,0,0,0,0,0
Uvedalia,endemic,0,0,0,0,0,0,0
Vachellia,non-endemic,3,0,0,0,0,0,0
Van-royena,endemic,0,0,0,0,0,0,0
Ventilago,non-endemic,0,0,0,0,0,0,0
Verreauxia,endemic,0,0,0,0,0,0,0
Verticordia,endemic,0,0,0,0,0,2,0
Vesselowskya,endemic,0,0,0,0,0,0,0
Viminaria,endemic,0,0,0,0,0,0,0
Vitis,non-endemic,0,0,0,0,0,0,0
Vittadinia,non-endemic,0,0,0,0,0,0,0
Waitzia,non-endemic,0,0,0,0,0,0,0
Walteranthus,endemic,0,0,0,0,0,0,0
Walwhalleya,endemic,0,0,0,0,0,0,0
Websteria,non-endemic,0,0,0,0,0,0,0
Wendlandia,non-endemic,0,0,0,0,0,0,0
Westringia,non-endemic,0,0,0,0,0,0,0
Whyanbeelia,endemic,0,0,0,0,0,0,0
Winifredia,endemic,0,0,0,0,0,0,0
Wittsteinia,non-endemic,0,0,0,0,0,0,0
Wollemia,endemic,0,1,0,0,0,0,0
Woollsia,endemic,0,0,0,0,0,0,0
Wurmbea,non-endemic,0,0,0,0,0,0,0
Xanthorrhoea,endemic,3,0,0,0,0,0,0
Xanthosia,endemic,0,0,0,0,0,0,0
Xerochloa,non-endemic,0,0,0,0,0,0,0
Xerolirion,endemic,0,0,0,0,0,0,0
Xerothamnella,endemic,0,0,0,0,0,0,0
Xylomelum,endemic,4,0,0,0,2,0,0
Xylopia,non-endemic,0,0,0,0,0,0,0
Xylosma,non-endemic,0,0,0,0,0,0,0
Yakirra,non-endemic,0,0,0,0,0,0,0
Zaleya,non-endemic,0,0,0,0,0,0,0
Zealandia,non-endemic,0,0,0,0,0,0,0
Zeuxine,non-endemic,0,0,0,0,0,0,0
Zieria,non-endemic,0,0,0,0,0,0,0
Zygochloa,endemic,0,0,0,0,0,0,0
